﻿<?xml version="1.0" encoding="utf-8"?>
<Objects xmlns="qv">
  <Object name="DFDomStaVals" securityLevel="SecurityNone" permissionPrefix="DFDomStaVals" xmlns="qv" />
  <Object name="DFElemFormInst" securityLevel="SecurityNone" permissionPrefix="WFDFElemFormInst" xmlns="qv" />
  <Object name="DFFormInst" securityLevel="SecurityNone" permissionPrefix="DFFormInst" xmlns="qv" />
  <Object name="DFNum" securityLevel="SecurityNone" permissionPrefix="WFDFNum" xmlns="qv" />
  <Object name="DFRuleElemFormCnd" securityLevel="SecurityNone" permissionPrefix="WFDFRuleElemFormCnd" xmlns="qv" />
  <Object name="DWFDayWeek" securityLevel="SecurityNone" permissionPrefix="DWFDayWeek" xmlns="qv" />
  <Object name="DWFItems" securityLevel="SecurityNone" permissionPrefix="DWFItems" xmlns="qv" />
  <Object name="DWFProjProcess" securityLevel="SecurityNone" permissionPrefix="DWFProjProcess" xmlns="qv" />
  <Object name="DWFUsrRoles" securityLevel="SecurityNone" permissionPrefix="DWFUsrRoles" xmlns="qv" />
  <Object name="TCACerts" securityLevel="SecurityNone" permissionPrefix="TCACerts" xmlns="qv" />
  <Object name="TCACon" securityLevel="SecurityNone" permissionPrefix="TCACon" xmlns="qv" />
  <Object name="TCAConMdV" securityLevel="SecurityNone" permissionPrefix="TCAConMdV" xmlns="qv" />
  <Object name="TWFApp" securityLevel="SecurityNone" permissionPrefix="TWFApp" xmlns="qv" />
  <Object name="TWFAttValues" securityLevel="SecurityNone" permissionPrefix="TWFAttValues" xmlns="qv" />
  <Object name="TWFCalendars" securityLevel="SecurityNone" permissionPrefix="TWFCalendars" xmlns="qv" />
  <Object name="TWFDocuments" securityLevel="SecurityNone" permissionPrefix="TWFDocuments" xmlns="qv" />
  <Object name="TWFEvnAss" securityLevel="SecurityNone" permissionPrefix="TWFEvnAss" xmlns="qv" />
  <Object name="TWFEvnTargets" securityLevel="SecurityNone" permissionPrefix="TWFEvnTargets" xmlns="qv" />
  <Object name="TWFInsPrcAttibutes" securityLevel="SecurityNone" permissionPrefix="TWFInsPrcAttibutes" xmlns="qv" />
  <Object name="TWFItemDoc" securityLevel="SecurityNone" permissionPrefix="TWFItemDoc" xmlns="qv" />
  <Object name="TWFMenu" securityLevel="SecurityNone" permissionPrefix="TWFMenu" xmlns="qv" />
  <Object name="TWFNotifications" securityLevel="SecurityNone" permissionPrefix="TWFNotifications" xmlns="qv" />
  <Object name="TWFNotificationTemplates" securityLevel="SecurityNone" permissionPrefix="TWFNotificationTemplates" xmlns="qv" />
  <Object name="TWFOAV" securityLevel="SecurityNone" permissionPrefix="TWFOAV" xmlns="qv" />
  <Object name="TWFOptionals" securityLevel="SecurityNone" permissionPrefix="TWFOptionals" xmlns="qv" />
  <Object name="TWFPIDoc" securityLevel="SecurityNone" permissionPrefix="TWFPIDoc" xmlns="qv" />
  <Object name="TWFPrcComments" securityLevel="SecurityNone" permissionPrefix="TWFPrcComments" xmlns="qv" />
  <Object name="TWFProcess" securityLevel="SecurityNone" permissionPrefix="TWFProcess" xmlns="qv" />
  <Object name="TWFUsrVFld" securityLevel="SecurityNone" permissionPrefix="TWFUsrVFld" xmlns="qv" />
  <Object name="TWFWorklist" securityLevel="SecurityNone" permissionPrefix="TWFWorklist" xmlns="qv" />
  <Object name="TWFLicense" securityLevel="SecurityNone" permissionPrefix="TWFLicense" xmlns="qv" />
  <Object name="WFSelectIcon" securityLevel="SecurityNone" permissionPrefix="WFSelectIcon" xmlns="qv" />
  <Object name="WFCleanHistory" securityLevel="SecurityNone" permissionPrefix="WFCleanHistory" xmlns="qv" />
  <Object name="WFSignIn" securityLevel="SecurityNone" permissionPrefix="WFSignIn" xmlns="qv" />
  <Object name="WFChangePassword" securityLevel="SecurityNone" permissionPrefix="WFChangePassword" xmlns="qv" />
  <Object name="WFAdHoc" securityLevel="SecurityNone" permissionPrefix="WFAdHoc" xmlns="qv" />
  <Object name="WFDocumentSignature" securityLevel="SecurityNone" permissionPrefix="WFDocumentSignature" xmlns="qv" />
  <Object name="WFDelegate" securityLevel="SecurityNone" permissionPrefix="WFDelegate" xmlns="qv" />
  <Object name="WFNotificationTemplate" securityLevel="SecurityNone" permissionPrefix="WFNotificationTemplate" xmlns="qv" />
  <Object name="DynFormWPElementRule" securityLevel="SecurityNone" permissionPrefix="DynFormWPElementRule" xmlns="qv" />
  <Object name="DynFormWPElementRuleCondition" securityLevel="SecurityNone" permissionPrefix="DynFormWPElementRule" xmlns="qv" />
  <Object name="WFInstallLicense" securityLevel="SecurityNone" permissionPrefix="WFInstallLicense" xmlns="qv" />
  <Object name="WFUserPreference" securityLevel="SecurityNone" permissionPrefix="WFUserPreference" xmlns="qv" />
  <Object name="DFElemRst" securityLevel="SecurityNone" permissionPrefix="DFElemRst" xmlns="qv" />
  <Object name="DFParm" securityLevel="SecurityNone" permissionPrefix="DFParm" xmlns="qv" />
  <Object name="DFRst" securityLevel="SecurityNone" permissionPrefix="DFRst" xmlns="qv" />
  <Object name="DFSubElem" securityLevel="SecurityNone" permissionPrefix="DFSubElem" xmlns="qv" />
  <Object name="DWFInstance" securityLevel="SecurityNone" permissionPrefix="DWFInstance" xmlns="qv" />
  <Object name="DWFProcess" securityLevel="SecurityNone" permissionPrefix="DWFProcess" xmlns="qv" />
  <Object name="DWFSts" securityLevel="SecurityNone" permissionPrefix="DWFSts" xmlns="qv" />
  <Object name="DWFYear" securityLevel="SecurityNone" permissionPrefix="DWFYear" xmlns="qv" />
  <Object name="TCACIssuers" securityLevel="SecurityNone" permissionPrefix="TCACIssuers" xmlns="qv" />
  <Object name="TCAMtdtaV" securityLevel="SecurityNone" permissionPrefix="TCAMtdtaV" xmlns="qv" />
  <Object name="TWFAttMap" securityLevel="SecurityNone" permissionPrefix="TWFAttMap" xmlns="qv" />
  <Object name="TWFCApp" securityLevel="SecurityNone" permissionPrefix="TWFCApp" xmlns="qv" />
  <Object name="TWFCnfRoles" securityLevel="SecurityNone" permissionPrefix="TWFCnfRoles" xmlns="qv" />
  <Object name="TWFCnfTasks" securityLevel="SecurityNone" permissionPrefix="TWFCnfTasks" xmlns="qv" />
  <Object name="TWFEngTimSCh" securityLevel="SecurityNone" permissionPrefix="TWFEngTimSCh" xmlns="qv" />
  <Object name="TWFEvnData" securityLevel="SecurityNone" permissionPrefix="TWFEvnData" xmlns="qv" />
  <Object name="TWFEvnStates" securityLevel="SecurityNone" permissionPrefix="TWFEvnStates" xmlns="qv" />
  <Object name="TWFFailAut" securityLevel="SecurityNone" permissionPrefix="TWFFailAut" xmlns="qv" />
  <Object name="TWFInstPrc" securityLevel="SecurityNone" permissionPrefix="TWFInstPrc" xmlns="qv" />
  <Object name="TWFNetwork2" securityLevel="SecurityNone" permissionPrefix="TWFNetwork2" xmlns="qv" />
  <Object name="TWFPostConditions" securityLevel="SecurityNone" permissionPrefix="TWFPostConditions" xmlns="qv" />
  <Object name="TWFPrefGrp" securityLevel="SecurityNone" permissionPrefix="TWFPrefGrp" xmlns="qv" />
  <Object name="TWFProjProcess" securityLevel="SecurityNone" permissionPrefix="TWFProjProcess" xmlns="qv" />
  <Object name="TWFRstDef" securityLevel="SecurityNone" permissionPrefix="TWFRstDef" xmlns="qv" />
  <Object name="TWFSharedDocs" securityLevel="SecurityNone" permissionPrefix="TWFSharedDocs" xmlns="qv" />
  <Object name="TWFTaskApp" securityLevel="SecurityNone" permissionPrefix="TWFTaskApp" xmlns="qv" />
  <Object name="TWFUserRst" securityLevel="SecurityNone" permissionPrefix="TWFUserRst" xmlns="qv" />
  <Object name="TWFUsrPref" securityLevel="SecurityNone" permissionPrefix="TWFUsrPref" xmlns="qv" />
  <Object name="TWFUsrVisPrefGrp" securityLevel="SecurityNone" permissionPrefix="TWFUsrVisPrefGrp" xmlns="qv" />
  <Object name="TWFWIComments" securityLevel="SecurityNone" permissionPrefix="TWFWIComments" xmlns="qv" />
  <Object name="TWFWrkItems" securityLevel="SecurityNone" permissionPrefix="TWFWrkItems" xmlns="qv" />
  <Object name="DynFormExecuteDynForm" securityLevel="SecurityNone" permissionPrefix="DynFormExecuteDynForm" xmlns="qv" />
  <Object name="WFController" securityLevel="SecurityNone" permissionPrefix="WFController" xmlns="qv" />
  <Object name="WFEntryPoint" securityLevel="SecurityNone" permissionPrefix="WFEntryPoint" xmlns="qv" />
  <Object name="WFAccountSettings" securityLevel="SecurityNone" permissionPrefix="WFAccountSettings" xmlns="qv" />
  <Object name="WFPrototyper" securityLevel="SecurityNone" permissionPrefix="WFPrototyper" xmlns="qv" />
  <Object name="WFAssign" securityLevel="SecurityNone" permissionPrefix="WFAssign" xmlns="qv" />
  <Object name="WFChangeDeadline" securityLevel="SecurityNone" permissionPrefix="WFChangeDeadline" xmlns="qv" />
  <Object name="WFCreateNewDocument" securityLevel="SecurityNone" permissionPrefix="WFCreateNewDocument" xmlns="qv" />
  <Object name="WFAddAttribute" securityLevel="SecurityNone" permissionPrefix="WFAddAttribute" xmlns="qv" />
  <Object name="WFRole" securityLevel="SecurityNone" permissionPrefix="WFRole" xmlns="qv" />
  <Object name="WFAddCertificate" securityLevel="SecurityNone" permissionPrefix="WFAddCertificate" xmlns="qv" />
  <Object name="WFAddCertificate1" securityLevel="SecurityNone" permissionPrefix="WFAddCertificate1" xmlns="qv" />
  <Object name="WFUserOUs" securityLevel="SecurityNone" permissionPrefix="WFUserOUs" xmlns="qv" />
  <Object name="WFCollaborate" securityLevel="SecurityNone" permissionPrefix="WFCollaborate" xmlns="qv" />
  <Object name="WFCalendar" securityLevel="SecurityNone" permissionPrefix="WFCalendar" xmlns="qv" />
  <Object name="WFOUMembers" securityLevel="SecurityNone" permissionPrefix="WFOUMembers" xmlns="qv" />
  <Object name="WFNewTaskNotification" securityLevel="SecurityNone" permissionPrefix="WFNewTaskNotification" xmlns="qv" />
  <Object name="WFMenuComponents" securityLevel="SecurityNone" permissionPrefix="WFMenuComponents" xmlns="qv" />
  <Object name="WFDynSelectElement" securityLevel="SecurityNone" permissionPrefix="WFDynSelectElement" xmlns="qv" />
  <Object name="DynFormImport" securityLevel="SecurityNone" permissionPrefix="DynFormWCExportar" xmlns="qv" />
  <Object name="WFLicenseNotAuthorized" securityLevel="SecurityNone" permissionPrefix="WFLicenseNotAuthorized" xmlns="qv" />
  <Object name="WFNotAuthorized" securityLevel="SecurityNone" permissionPrefix="WFNotAuthorized" xmlns="qv" />
  <Object name="WFDocuments" securityLevel="SecurityNone" permissionPrefix="WFDocuments" xmlns="qv" />
  <Object name="DFElem4BC" securityLevel="SecurityNone" permissionPrefix="WFDFElem4BC" xmlns="qv" />
  <Object name="DFElemForm" securityLevel="SecurityNone" permissionPrefix="DFElemForm" xmlns="qv" />
  <Object name="DFFormAct" securityLevel="SecurityNone" permissionPrefix="DFFormAct" xmlns="qv" />
  <Object name="DFFormRst" securityLevel="SecurityNone" permissionPrefix="DFFormRst" xmlns="qv" />
  <Object name="DFRuleElemFormParm" securityLevel="SecurityNone" permissionPrefix="WFDFRuleElemFormCnd" xmlns="qv" />
  <Object name="DFUpl" securityLevel="SecurityNone" permissionPrefix="DynFormUpload" xmlns="qv" />
  <Object name="DWFDay" securityLevel="SecurityNone" permissionPrefix="DWFDay" xmlns="qv" />
  <Object name="DWFMonth" securityLevel="SecurityNone" permissionPrefix="DWFMonth" xmlns="qv" />
  <Object name="DWFParam" securityLevel="SecurityNone" permissionPrefix="DWFParam" xmlns="qv" />
  <Object name="DWFPrcIn" securityLevel="SecurityNone" permissionPrefix="DWFPrcIn" xmlns="qv" />
  <Object name="DWFUsers" securityLevel="SecurityNone" permissionPrefix="DWFUsers" xmlns="qv" />
  <Object name="TCAAtc" securityLevel="SecurityNone" permissionPrefix="TCAAtc" xmlns="qv" />
  <Object name="TCACtypMd" securityLevel="SecurityNone" permissionPrefix="TCACtypMd" xmlns="qv" />
  <Object name="TCAEstate" securityLevel="SecurityNone" permissionPrefix="TCAEstate" xmlns="qv" />
  <Object name="TCATpl" securityLevel="SecurityNone" permissionPrefix="TCATpl" xmlns="qv" />
  <Object name="TWFAttributes" securityLevel="SecurityNone" permissionPrefix="TWFAttributes" xmlns="qv" />
  <Object name="TWFDataTypesAccCtrl" securityLevel="SecurityNone" permissionPrefix="TWFDataTypesAccCtrl" xmlns="qv" />
  <Object name="TWFDocTskRol" securityLevel="SecurityNone" permissionPrefix="TWFDocTskRol" xmlns="qv" />
  <Object name="TWFInsTask" securityLevel="SecurityNone" permissionPrefix="TWFInsTask" xmlns="qv" />
  <Object name="TWFMenus" securityLevel="SecurityNone" permissionPrefix="TWFMenus" xmlns="qv" />
  <Object name="TWFNetwork1" securityLevel="SecurityNone" permissionPrefix="TWFNetwork1" xmlns="qv" />
  <Object name="TWFPIRstUsers" securityLevel="SecurityNone" permissionPrefix="TWFPIRstUsers" xmlns="qv" />
  <Object name="TWFProcessXML" securityLevel="SecurityNone" permissionPrefix="TWFProcessXML" xmlns="qv" />
  <Object name="TWFRolHier" securityLevel="SecurityNone" permissionPrefix="TWFRolHier" xmlns="qv" />
  <Object name="TWFTask" securityLevel="SecurityNone" permissionPrefix="TWFTask" xmlns="qv" />
  <Object name="TWFRunSettings" securityLevel="SecurityNone" permissionPrefix="TWFRunSettings" xmlns="qv" />
  <Object name="WFUploadDocumentDotNet" securityLevel="SecurityNone" permissionPrefix="WFUploadDocumentDotNet" xmlns="qv" />
  <Object name="WFControllerEnd" securityLevel="SecurityNone" permissionPrefix="WFControllerEnd" xmlns="qv" />
  <Object name="WFGeneralSettings" securityLevel="SecurityNone" permissionPrefix="WFGeneralSettings" xmlns="qv" />
  <Object name="WFWizard" securityLevel="SecurityNone" permissionPrefix="WFWizard" xmlns="qv" />
  <Object name="WFHistory" securityLevel="SecurityNone" permissionPrefix="WFHistory" xmlns="qv" />
  <Object name="WFComments" securityLevel="SecurityNone" permissionPrefix="WFComments" xmlns="qv" />
  <Object name="WFConditionals" securityLevel="SecurityNone" permissionPrefix="WFConditionals" xmlns="qv" />
  <Object name="WFCandidates" securityLevel="SecurityNone" permissionPrefix="WFCandidates" xmlns="qv" />
  <Object name="WFDocumentVersions" securityLevel="SecurityNone" permissionPrefix="WFDocumentVersions" xmlns="qv" />
  <Object name="WFRoleMembers" securityLevel="SecurityNone" permissionPrefix="WFRoleMembers" xmlns="qv" />
  <Object name="WFUser" securityLevel="SecurityNone" permissionPrefix="WFUser" xmlns="qv" />
  <Object name="WFStartNewProcess" securityLevel="SecurityNone" permissionPrefix="WFStartNewProcess" xmlns="qv" />
  <Object name="WFReactivate" securityLevel="SecurityNone" permissionPrefix="WFReactivate" xmlns="qv" />
  <Object name="WFNewNotification" securityLevel="SecurityNone" permissionPrefix="WFNewNotification" xmlns="qv" />
  <Object name="WFOU" securityLevel="SecurityNone" permissionPrefix="WFOU" xmlns="qv" />
  <Object name="WFOUDefinition" securityLevel="SecurityNone" permissionPrefix="WFOUDefinition" xmlns="qv" />
  <Object name="WFRecipient" securityLevel="SecurityNone" permissionPrefix="WFRecipient" xmlns="qv" />
  <Object name="DynFormNotAuthorized" securityLevel="SecurityNone" permissionPrefix="DynFormNotAuthorized" xmlns="qv" />
  <Object name="DynFormElementRuleParameters" securityLevel="SecurityNone" permissionPrefix="DynFormWPElementRuleCondition" xmlns="qv" />
  <Object name="DynFormElementRuleConditions" securityLevel="SecurityNone" permissionPrefix="DynFormWPElementRuleCondition" xmlns="qv" />
  <Object name="DynFormWPElementRuleParameter" securityLevel="SecurityNone" permissionPrefix="DynFormWPElementRule" xmlns="qv" />
  <Object name="DynFormExport" securityLevel="SecurityNone" permissionPrefix="DynFormWCExportar" xmlns="qv" />
  <Object name="WebPanel1" securityLevel="SecurityNone" permissionPrefix="WebPanel1" xmlns="qv" />
  <Object name="WFUserSettings" securityLevel="SecurityNone" permissionPrefix="WFUserSettings" xmlns="qv" />
  <Object name="WFUninstallLicense" securityLevel="SecurityNone" permissionPrefix="WFUninstallLicense" xmlns="qv" />
  <Object name="DynFormFormInstanceWC4WF" securityLevel="SecurityNone" permissionPrefix="DynFormFormInstanceWC4WF" xmlns="qv" />
  <Object name="DFFilElemForm" securityLevel="SecurityNone" permissionPrefix="WFDFFilElemForm" xmlns="qv" />
  <Object name="DFElem" securityLevel="SecurityNone" permissionPrefix="DFElem" xmlns="qv" />
  <Object name="DFRstVal" securityLevel="SecurityNone" permissionPrefix="DFRstVal" xmlns="qv" />
  <Object name="DFTemp" securityLevel="SecurityNone" permissionPrefix="DFTemp" xmlns="qv" />
  <Object name="DFUserRst" securityLevel="SecurityNone" permissionPrefix="WFDFUserRst" xmlns="qv" />
  <Object name="DWFProject" securityLevel="SecurityNone" permissionPrefix="DWFProject" xmlns="qv" />
  <Object name="DWFRoles" securityLevel="SecurityNone" permissionPrefix="DWFRoles" xmlns="qv" />
  <Object name="DWFYearMonth" securityLevel="SecurityNone" permissionPrefix="DWFYearMonth" xmlns="qv" />
  <Object name="TCACtyp" securityLevel="SecurityNone" permissionPrefix="TCACtyp" xmlns="qv" />
  <Object name="TCAFleExt" securityLevel="SecurityNone" permissionPrefix="TCAFleExt" xmlns="qv" />
  <Object name="TCANum" securityLevel="SecurityNone" permissionPrefix="TCANum" xmlns="qv" />
  <Object name="TCATypes" securityLevel="SecurityNone" permissionPrefix="TCATypes" xmlns="qv" />
  <Object name="TWFAPIAccControl" securityLevel="SecurityNone" permissionPrefix="TWFAPIAccControl" xmlns="qv" />
  <Object name="TWFAtt2Values" securityLevel="SecurityNone" permissionPrefix="TWFAtt2Values" xmlns="qv" />
  <Object name="TWFCAppAct" securityLevel="SecurityNone" permissionPrefix="TWFCAppAct" xmlns="qv" />
  <Object name="TWFComponent" securityLevel="SecurityNone" permissionPrefix="TWFComponent" xmlns="qv" />
  <Object name="TWFComponents" securityLevel="SecurityNone" permissionPrefix="TWFComponents" xmlns="qv" />
  <Object name="TWFDocActions" securityLevel="SecurityNone" permissionPrefix="TWFDocActions" xmlns="qv" />
  <Object name="TWFDynApp" securityLevel="SecurityNone" permissionPrefix="TWFDynApp" xmlns="qv" />
  <Object name="TWFDynAppFields" securityLevel="SecurityNone" permissionPrefix="TWFDynAppFields" xmlns="qv" />
  <Object name="TWFError" securityLevel="SecurityNone" permissionPrefix="TWFError" xmlns="qv" />
  <Object name="TWFEvents" securityLevel="SecurityNone" permissionPrefix="TWFEvents" xmlns="qv" />
  <Object name="TWFEvnListeners" securityLevel="SecurityNone" permissionPrefix="TWFEvnListeners" xmlns="qv" />
  <Object name="TWFIcons" securityLevel="SecurityNone" permissionPrefix="TWFIcons" xmlns="qv" />
  <Object name="TWFLanguages" securityLevel="SecurityNone" permissionPrefix="TWFLanguages" xmlns="qv" />
  <Object name="TWFNetwork" securityLevel="SecurityNone" permissionPrefix="TWFNetwork" xmlns="qv" />
  <Object name="TWFPIComments" securityLevel="SecurityNone" permissionPrefix="TWFPIComments" xmlns="qv" />
  <Object name="TWFPrcAttributes" securityLevel="SecurityNone" permissionPrefix="TWFPrcAttributes" xmlns="qv" />
  <Object name="TWFPreferences" securityLevel="SecurityNone" permissionPrefix="TWFPreferences" xmlns="qv" />
  <Object name="TWFProjObjects" securityLevel="SecurityNone" permissionPrefix="TWFProjObjects" xmlns="qv" />
  <Object name="TWFRoles" securityLevel="SecurityNone" permissionPrefix="TWFRoles" xmlns="qv" />
  <Object name="TWFRst" securityLevel="SecurityNone" permissionPrefix="TWFRst" xmlns="qv" />
  <Object name="TWFSessions" securityLevel="SecurityNone" permissionPrefix="TWFSessions" xmlns="qv" />
  <Object name="TWFTaskAppMap" securityLevel="SecurityNone" permissionPrefix="TWFTaskAppMap" xmlns="qv" />
  <Object name="TWFTaskDynAppMap" securityLevel="SecurityNone" permissionPrefix="TWFTaskDynAppMap" xmlns="qv" />
  <Object name="TWFUsers" securityLevel="SecurityNone" permissionPrefix="TWFUsers" xmlns="qv" />
  <Object name="TWFWrkClb" securityLevel="SecurityNone" permissionPrefix="TWFWrkClb" xmlns="qv" />
  <Object name="TWFWrkUsers" securityLevel="SecurityNone" permissionPrefix="TWFWrkUsers" xmlns="qv" />
  <Object name="DFForm" securityLevel="SecurityNone" permissionPrefix="DFForm" xmlns="qv" />
  <Object name="TWFProcessDefinitions" securityLevel="SecurityNone" permissionPrefix="TWFProcessDefinitions" xmlns="qv" />
  <Object name="TWFStartTimer" securityLevel="SecurityNone" permissionPrefix="TWFStartTimer" xmlns="qv" />
  <Object name="DynFormCreateUpdateDynamicForm" securityLevel="SecurityNone" permissionPrefix="DynFormCreateUpdateDynamicForm" xmlns="qv" />
  <Object name="WFUploadDocumentJava" securityLevel="SecurityNone" permissionPrefix="WFUploadDocumentJava" xmlns="qv" />
  <Object name="DWFLoad" securityLevel="SecurityNone" permissionPrefix="DWFLoad" xmlns="qv" />
  <Object name="WFAutoSignIn" securityLevel="SecurityNone" permissionPrefix="WFAutoSignIn" xmlns="qv" />
  <Object name="WFMain" securityLevel="SecurityNone" permissionPrefix="WFMain" xmlns="qv" />
  <Object name="WFGXPEntryPoint" securityLevel="SecurityNone" permissionPrefix="WFGXPEntryPoint" xmlns="qv" />
  <Object name="WFForgotPwd" securityLevel="SecurityNone" permissionPrefix="WFForgotPwd" xmlns="qv" />
  <Object name="WFPopup" securityLevel="SecurityNone" permissionPrefix="WFPopup" xmlns="qv" />
  <Object name="WFOptionals" securityLevel="SecurityNone" permissionPrefix="WFOptionals" xmlns="qv" />
  <Object name="WFWorkWithDocuments" securityLevel="SecurityNone" permissionPrefix="WFWorkWithDocuments" xmlns="qv" />
  <Object name="WFRenameDocument" securityLevel="SecurityNone" permissionPrefix="WFRenameDocument" xmlns="qv" />
  <Object name="WFDocumentAttributes" securityLevel="SecurityNone" permissionPrefix="WFDocumentAttributes" xmlns="qv" />
  <Object name="WFUserRoles" securityLevel="SecurityNone" permissionPrefix="WFUserRoles" xmlns="qv" />
  <Object name="WFOutOfOfficeAssistant" securityLevel="SecurityNone" permissionPrefix="WFOutOfOfficeAssistant" xmlns="qv" />
  <Object name="WFAddCertificate2" securityLevel="SecurityNone" permissionPrefix="WFAddCertificate2" xmlns="qv" />
  <Object name="WFOutOfOffice" securityLevel="SecurityNone" permissionPrefix="WFOutOfOffice" xmlns="qv" />
  <Object name="WFAppData" securityLevel="SecurityNone" permissionPrefix="WFAppData" xmlns="qv" />
  <Object name="WFProcessOUs" securityLevel="SecurityNone" permissionPrefix="WFProcessOUs" xmlns="qv" />
  <Object name="WFNotifications" securityLevel="SecurityNone" permissionPrefix="WFNotifications" xmlns="qv" />
  <Object name="WFEventProperties" securityLevel="SecurityNone" permissionPrefix="WFEventProperties" xmlns="qv" />
  <Object name="WFInformation" securityLevel="SecurityNone" permissionPrefix="WFInformation" xmlns="qv" />
  <Object name="WFComponentActions" securityLevel="SecurityNone" permissionPrefix="WFComponentActions" xmlns="qv" />
  <Object name="DynFormCreateUpdateDynamicProperty2" securityLevel="SecurityNone" permissionPrefix="DynFormCreateUpdateDynamicProperty" xmlns="qv" />
  <Object name="WFCleanHistoryConfirm" securityLevel="SecurityNone" permissionPrefix="WFCleanHistoryConfirm" xmlns="qv" />
  <Object name="WFLicenseManager" securityLevel="SecurityNone" permissionPrefix="WFLicenseManager" xmlns="qv" />
  <Object name="WFImportNominatedUsers" securityLevel="SecurityNone" permissionPrefix="WFImportNominatedUsers" xmlns="qv" />
  <Object name="WFRequestLicense" securityLevel="SecurityNone" permissionPrefix="WFRequestLicense" xmlns="qv" />
  <Object name="DFRuleElemForm" securityLevel="SecurityNone" permissionPrefix="DFRuleElemForm" xmlns="qv" />
  <Object name="DWFPrcVersion" securityLevel="SecurityNone" permissionPrefix="DWFPrcVersion" xmlns="qv" />
  <Object name="DWFTask" securityLevel="SecurityNone" permissionPrefix="DWFTask" xmlns="qv" />
  <Object name="TCAApp" securityLevel="SecurityNone" permissionPrefix="TCAApp" xmlns="qv" />
  <Object name="TCAConKw" securityLevel="SecurityNone" permissionPrefix="TCAConKw" xmlns="qv" />
  <Object name="TCAConMd" securityLevel="SecurityNone" permissionPrefix="TCAConMd" xmlns="qv" />
  <Object name="TCAConMdMV" securityLevel="SecurityNone" permissionPrefix="TCAConMdMV" xmlns="qv" />
  <Object name="TCACvtFleExt" securityLevel="SecurityNone" permissionPrefix="TCACvtFleExt" xmlns="qv" />
  <Object name="TCAError" securityLevel="SecurityNone" permissionPrefix="TCAError" xmlns="qv" />
  <Object name="TCAMtdta" securityLevel="SecurityNone" permissionPrefix="TCAMtdta" xmlns="qv" />
  <Object name="TWFActions" securityLevel="SecurityNone" permissionPrefix="TWFActions" xmlns="qv" />
  <Object name="TWFConditionals" securityLevel="SecurityNone" permissionPrefix="TWFConditionals" xmlns="qv" />
  <Object name="TWFDebug" securityLevel="SecurityNone" permissionPrefix="TWFDebug" xmlns="qv" />
  <Object name="TWFDocRol" securityLevel="SecurityNone" permissionPrefix="TWFDocRol" xmlns="qv" />
  <Object name="TWFEngine" securityLevel="SecurityNone" permissionPrefix="TWFEngine" xmlns="qv" />
  <Object name="TWFEvnActions" securityLevel="SecurityNone" permissionPrefix="TWFEvnActions" xmlns="qv" />
  <Object name="TWFEvnPtys" securityLevel="SecurityNone" permissionPrefix="TWFEvnPtys" xmlns="qv" />
  <Object name="TWFEvnTypes" securityLevel="SecurityNone" permissionPrefix="TWFEvnTypes" xmlns="qv" />
  <Object name="TWFLog" securityLevel="SecurityNone" permissionPrefix="TWFLog" xmlns="qv" />
  <Object name="TWFMIGroups" securityLevel="SecurityNone" permissionPrefix="TWFMIGroups" xmlns="qv" />
  <Object name="TWFNewLabels" securityLevel="SecurityNone" permissionPrefix="TWFNewLabels" xmlns="qv" />
  <Object name="TWFNumerator" securityLevel="SecurityNone" permissionPrefix="TWFNumerator" xmlns="qv" />
  <Object name="TWFPasswords" securityLevel="SecurityNone" permissionPrefix="TWFPasswords" xmlns="qv" />
  <Object name="TWFProject" securityLevel="SecurityNone" permissionPrefix="TWFProject" xmlns="qv" />
  <Object name="TWFRule" securityLevel="SecurityNone" permissionPrefix="TWFRule" xmlns="qv" />
  <Object name="TWFSta" securityLevel="SecurityNone" permissionPrefix="TWFSta" xmlns="qv" />
  <Object name="TWFTaskAttributes" securityLevel="SecurityNone" permissionPrefix="TWFTaskAttributes" xmlns="qv" />
  <Object name="TWFUsrRoles" securityLevel="SecurityNone" permissionPrefix="TWFUsrRoles" xmlns="qv" />
  <Object name="TWFWrkItemAttributes" securityLevel="SecurityNone" permissionPrefix="TWFWrkItemAttributes" xmlns="qv" />
  <Object name="TWFCategories" securityLevel="SecurityNone" permissionPrefix="TWFCategories" xmlns="qv" />
  <Object name="DFDom" securityLevel="SecurityNone" permissionPrefix="DFDom" xmlns="qv" />
</Objects>