<?xml version="1.0"?>
<Content xmlns:xsi="http://www.w3.org/2001/XMLSchema-instance" xmlns:xsd="http://www.w3.org/2001/XMLSchema">
  <Object id="Timer">
    <Group>
      <Name>General</Name>
      <Type>Main</Type>
      <Childs>
        <Prop>
          <Id>Interval</Id>
          <Name>Interval</Name>
          <Type>Integer</Type>
          <Default>2000</Default>
          <Metadata />
        </Prop>
        <Prop>
          <Id>Enabled</Id>
          <Name>Enabled</Name>
          <Type>Boolean</Type>
          <Default>true</Default>
          <Metadata>
            <Value name="FlagScope">Runtime</Value>
          </Metadata>
        </Prop>
      </Childs>
    </Group>
  </Object>
</Content>