﻿<?xml version="1.0" encoding="utf-8"?>
<CallableObject guid="137395bc-31c8-4180-92e1-56b5d6b78216" name="WFSTProcessInstanceTrend" description="WFSTProcess Instance Trend" namespace="GXflow.Programs">
  <Signature name="par">
    <Parameter name="processGUID">
      <Field>
        <Properties>
          <Property>
            <Name>Type</Name>
            <Value>Character</Value>
          </Property>
          <Property>
            <Name>Length</Name>
            <Value>40</Value>
          </Property>
        </Properties>
      </Field>
    </Parameter>
    <Parameter name="from">
      <Field>
        <Properties>
          <Property>
            <Name>Type</Name>
            <Value>Date</Value>
          </Property>
          <Property>
            <Name>Length</Name>
            <Value>8</Value>
          </Property>
        </Properties>
      </Field>
    </Parameter>
    <Parameter name="to">
      <Field>
        <Properties>
          <Property>
            <Name>Type</Name>
            <Value>Date</Value>
          </Property>
          <Property>
            <Name>Length</Name>
            <Value>8</Value>
          </Property>
        </Properties>
      </Field>
    </Parameter>
    <Parameter name="ReturnValue" accessor="out">
      <Field name="WFSDTProcessInstanceTrend" description="WFSDTProcess Instance Trend" collection="true">
        <Fields>
          <Field name="Date" description="Date">
            <Properties>
              <Property>
                <Name>Type</Name>
                <Value>Date</Value>
              </Property>
              <Property>
                <Name>Length</Name>
                <Value>8</Value>
              </Property>
            </Properties>
          </Field>
          <Field name="Opened" description="Opened">
            <Properties>
              <Property>
                <Name>Type</Name>
                <Value>Numeric</Value>
              </Property>
              <Property>
                <Name>Length</Name>
                <Value>10</Value>
              </Property>
            </Properties>
          </Field>
          <Field name="Closed" description="Closed">
            <Properties>
              <Property>
                <Name>Type</Name>
                <Value>Numeric</Value>
              </Property>
              <Property>
                <Name>Length</Name>
                <Value>10</Value>
              </Property>
            </Properties>
          </Field>
          <Field name="Aborted" description="Aborted">
            <Properties>
              <Property>
                <Name>Type</Name>
                <Value>Numeric</Value>
              </Property>
              <Property>
                <Name>Length</Name>
                <Value>10</Value>
              </Property>
            </Properties>
          </Field>
          <Field name="Active" description="Active">
            <Properties>
              <Property>
                <Name>Type</Name>
                <Value>Numeric</Value>
              </Property>
              <Property>
                <Name>Length</Name>
                <Value>10</Value>
              </Property>
            </Properties>
          </Field>
        </Fields>
      </Field>
    </Parameter>
  </Signature>
</CallableObject>