﻿<?xml version="1.0" encoding="utf-8"?>
<CallableObject guid="71366382-21f1-4851-90d1-c72357eec4b9" name="DynFormGetDynProperty" description="Get Dyn Property" namespace="com.gxflow">
  <Signature name="par">
    <Parameter name="createForm">
      <Field>
        <Properties>
          <Property>
            <Name>Type</Name>
            <Value>Boolean</Value>
          </Property>
        </Properties>
      </Field>
    </Parameter>
    <Parameter name="TrnMode">
      <Field>
        <Properties>
          <Property>
            <Name>Type</Name>
            <Value>Character</Value>
          </Property>
          <Property>
            <Name>Length</Name>
            <Value>3</Value>
          </Property>
        </Properties>
      </Field>
    </Parameter>
    <Parameter name="FormuInstanId">
      <Field>
        <Properties>
          <Property>
            <Name>Type</Name>
            <Value>Numeric</Value>
          </Property>
          <Property>
            <Name>Length</Name>
            <Value>10</Value>
          </Property>
        </Properties>
      </Field>
    </Parameter>
    <Parameter name="FormuId">
      <Field>
        <Properties>
          <Property>
            <Name>Type</Name>
            <Value>Numeric</Value>
          </Property>
          <Property>
            <Name>Length</Name>
            <Value>6</Value>
          </Property>
        </Properties>
      </Field>
    </Parameter>
    <Parameter name="FormuVer">
      <Field>
        <Properties>
          <Property>
            <Name>Type</Name>
            <Value>Numeric</Value>
          </Property>
          <Property>
            <Name>Length</Name>
            <Value>6</Value>
          </Property>
        </Properties>
      </Field>
    </Parameter>
    <Parameter name="DFElemId">
      <Field>
        <Properties>
          <Property>
            <Name>Type</Name>
            <Value>Numeric</Value>
          </Property>
          <Property>
            <Name>Length</Name>
            <Value>6</Value>
          </Property>
        </Properties>
      </Field>
    </Parameter>
    <Parameter name="DFElemVer">
      <Field>
        <Properties>
          <Property>
            <Name>Type</Name>
            <Value>Numeric</Value>
          </Property>
          <Property>
            <Name>Length</Name>
            <Value>6</Value>
          </Property>
        </Properties>
      </Field>
    </Parameter>
    <Parameter name="ParentDFElemId">
      <Field>
        <Properties>
          <Property>
            <Name>Type</Name>
            <Value>Numeric</Value>
          </Property>
          <Property>
            <Name>Length</Name>
            <Value>6</Value>
          </Property>
        </Properties>
      </Field>
    </Parameter>
    <Parameter name="ParentDFElemVer">
      <Field>
        <Properties>
          <Property>
            <Name>Type</Name>
            <Value>Numeric</Value>
          </Property>
          <Property>
            <Name>Length</Name>
            <Value>6</Value>
          </Property>
        </Properties>
      </Field>
    </Parameter>
    <Parameter name="ReturnValue" accessor="out">
      <Field name="DynProperty" description="Dyn Property">
        <Fields>
          <Field name="Id" description="Id">
            <Properties>
              <Property>
                <Name>Type</Name>
                <Value>Character</Value>
              </Property>
              <Property>
                <Name>Length</Name>
                <Value>20</Value>
              </Property>
            </Properties>
          </Field>
          <Field name="Name" description="Name">
            <Properties>
              <Property>
                <Name>Type</Name>
                <Value>Character</Value>
              </Property>
              <Property>
                <Name>Length</Name>
                <Value>20</Value>
              </Property>
            </Properties>
          </Field>
          <Field name="Mode" description="Mode">
            <Properties>
              <Property>
                <Name>Type</Name>
                <Value>Character</Value>
              </Property>
              <Property>
                <Name>Length</Name>
                <Value>20</Value>
              </Property>
            </Properties>
          </Field>
          <Field name="Type" description="Type">
            <Properties>
              <Property>
                <Name>Type</Name>
                <Value>Character</Value>
              </Property>
              <Property>
                <Name>Length</Name>
                <Value>20</Value>
              </Property>
            </Properties>
          </Field>
          <Field name="UITypeEditor" description="UIType Editor">
            <Properties>
              <Property>
                <Name>Type</Name>
                <Value>Character</Value>
              </Property>
              <Property>
                <Name>Length</Name>
                <Value>20</Value>
              </Property>
            </Properties>
          </Field>
          <Field name="UITypeViewer" description="UIType Viewer">
            <Properties>
              <Property>
                <Name>Type</Name>
                <Value>Character</Value>
              </Property>
              <Property>
                <Name>Length</Name>
                <Value>20</Value>
              </Property>
            </Properties>
          </Field>
          <Field name="Value" description="Value">
            <Properties>
              <Property>
                <Name>Type</Name>
                <Value>Character</Value>
              </Property>
              <Property>
                <Name>Length</Name>
                <Value>200</Value>
              </Property>
            </Properties>
          </Field>
          <Field name="Values" description="Values" collection="true">
            <Fields />
          </Field>
          <Field name="ValidValues" description="Valid Values" collection="true">
            <Fields />
          </Field>
          <Field name="Composition" description="Composition" collection="true">
            <Fields />
          </Field>
          <Field name="Actions" description="Actions" collection="true">
            <Fields>
              <Field name="Id" description="Id">
                <Properties>
                  <Property>
                    <Name>Type</Name>
                    <Value>Character</Value>
                  </Property>
                  <Property>
                    <Name>Length</Name>
                    <Value>20</Value>
                  </Property>
                </Properties>
              </Field>
              <Field name="Name" description="Name">
                <Properties>
                  <Property>
                    <Name>Type</Name>
                    <Value>Character</Value>
                  </Property>
                  <Property>
                    <Name>Length</Name>
                    <Value>20</Value>
                  </Property>
                </Properties>
              </Field>
              <Field name="Mode" description="Mode">
                <Properties>
                  <Property>
                    <Name>Type</Name>
                    <Value>Character</Value>
                  </Property>
                  <Property>
                    <Name>Length</Name>
                    <Value>20</Value>
                  </Property>
                </Properties>
              </Field>
              <Field name="Type" description="Type">
                <Properties>
                  <Property>
                    <Name>Type</Name>
                    <Value>Character</Value>
                  </Property>
                  <Property>
                    <Name>Length</Name>
                    <Value>20</Value>
                  </Property>
                </Properties>
              </Field>
              <Field name="UIType" description="UIType">
                <Properties>
                  <Property>
                    <Name>Type</Name>
                    <Value>Character</Value>
                  </Property>
                  <Property>
                    <Name>Length</Name>
                    <Value>20</Value>
                  </Property>
                </Properties>
              </Field>
              <Field name="Value" description="Value">
                <Properties>
                  <Property>
                    <Name>Type</Name>
                    <Value>Character</Value>
                  </Property>
                  <Property>
                    <Name>Length</Name>
                    <Value>20</Value>
                  </Property>
                </Properties>
              </Field>
              <Field name="Class" description="Class">
                <Properties>
                  <Property>
                    <Name>Type</Name>
                    <Value>Character</Value>
                  </Property>
                  <Property>
                    <Name>Length</Name>
                    <Value>20</Value>
                  </Property>
                </Properties>
              </Field>
              <Field name="Validate" description="Validate">
                <Properties>
                  <Property>
                    <Name>Type</Name>
                    <Value>Boolean</Value>
                  </Property>
                </Properties>
              </Field>
              <Field name="Metadata" description="Metadata" collection="true">
                <Fields />
              </Field>
            </Fields>
          </Field>
          <Field name="Metadata" description="Metadata" collection="true">
            <Fields />
          </Field>
          <Field name="Rules" description="Rules" collection="true">
            <Properties>
              <Property>
                <Name>Type</Name>
                <Value>Character</Value>
              </Property>
              <Property>
                <Name>Length</Name>
                <Value>20</Value>
              </Property>
            </Properties>
          </Field>
        </Fields>
      </Field>
    </Parameter>
  </Signature>
</CallableObject>