﻿<?xml version="1.0" encoding="utf-8"?>
<CallableObject guid="c0b32671-8eed-4e97-af0e-609b69402437" name="DynFormSDTDFElemLoad" description="Dyn Form SDTDFElem Load" namespace="com.gxflow">
  <Signature name="par">
    <Parameter name="DFElemId">
      <Field>
        <Properties>
          <Property>
            <Name>Type</Name>
            <Value>Numeric</Value>
          </Property>
          <Property>
            <Name>Length</Name>
            <Value>6</Value>
          </Property>
        </Properties>
      </Field>
    </Parameter>
    <Parameter name="DFElemVer">
      <Field>
        <Properties>
          <Property>
            <Name>Type</Name>
            <Value>Numeric</Value>
          </Property>
          <Property>
            <Name>Length</Name>
            <Value>6</Value>
          </Property>
        </Properties>
      </Field>
    </Parameter>
    <Parameter name="ReturnValue" accessor="out">
      <Field name="DynFormDFElem" description="Dyn Form DFElem">
        <Fields>
          <Field name="DFElemId" description="Element Id">
            <Properties>
              <Property>
                <Name>Type</Name>
                <Value>Numeric</Value>
              </Property>
              <Property>
                <Name>Length</Name>
                <Value>6</Value>
              </Property>
              <Property>
                <Name>Picture</Name>
                <Value>ZZZZZ9</Value>
              </Property>
            </Properties>
          </Field>
          <Field name="DFElemVer" description="Element Version">
            <Properties>
              <Property>
                <Name>Type</Name>
                <Value>Numeric</Value>
              </Property>
              <Property>
                <Name>Length</Name>
                <Value>6</Value>
              </Property>
              <Property>
                <Name>Picture</Name>
                <Value>ZZZZZ9</Value>
              </Property>
            </Properties>
          </Field>
          <Field name="DFElemGUID" description="Guid">
            <Properties>
              <Property>
                <Name>Type</Name>
                <Value>GUID</Value>
              </Property>
              <Property>
                <Name>Picture</Name>
                <Value>XXXXXXXX-XXXX-XXXX-XXXX-XXXXXXXXXXXX</Value>
              </Property>
            </Properties>
          </Field>
          <Field name="DFElemName" description="Element Name">
            <Properties>
              <Property>
                <Name>Type</Name>
                <Value>Character</Value>
              </Property>
              <Property>
                <Name>Length</Name>
                <Value>40</Value>
              </Property>
            </Properties>
          </Field>
          <Field name="DFElemCaption" description="Element Name">
            <Properties>
              <Property>
                <Name>Type</Name>
                <Value>Character</Value>
              </Property>
              <Property>
                <Name>Length</Name>
                <Value>40</Value>
              </Property>
            </Properties>
          </Field>
          <Field name="DFElemDsc" description="Element Description">
            <Properties>
              <Property>
                <Name>Type</Name>
                <Value>Character</Value>
              </Property>
              <Property>
                <Name>Length</Name>
                <Value>254</Value>
              </Property>
            </Properties>
          </Field>
          <Field name="DFElemClsName" description="DFElem Cls Name">
            <Properties>
              <Property>
                <Name>Type</Name>
                <Value>Character</Value>
              </Property>
              <Property>
                <Name>Length</Name>
                <Value>40</Value>
              </Property>
            </Properties>
          </Field>
          <Field name="DFDomId" description="Domain Id">
            <Properties>
              <Property>
                <Name>Type</Name>
                <Value>Numeric</Value>
              </Property>
              <Property>
                <Name>Length</Name>
                <Value>6</Value>
              </Property>
              <Property>
                <Name>Picture</Name>
                <Value>ZZZ9</Value>
              </Property>
            </Properties>
          </Field>
          <Field name="DFDomDsp" description="Domain Display">
            <Properties>
              <Property>
                <Name>Type</Name>
                <Value>Character</Value>
              </Property>
              <Property>
                <Name>Length</Name>
                <Value>20</Value>
              </Property>
            </Properties>
          </Field>
          <Field name="DFElemType" description="Element Type">
            <Properties>
              <Property>
                <Name>Type</Name>
                <Value>Character</Value>
              </Property>
              <Property>
                <Name>Length</Name>
                <Value>20</Value>
              </Property>
            </Properties>
          </Field>
          <Field name="DFElemDsp" description="Element Display">
            <Properties>
              <Property>
                <Name>Type</Name>
                <Value>Character</Value>
              </Property>
              <Property>
                <Name>Length</Name>
                <Value>20</Value>
              </Property>
            </Properties>
          </Field>
          <Field name="DFElemLen" description="Element Length">
            <Properties>
              <Property>
                <Name>Type</Name>
                <Value>Numeric</Value>
              </Property>
              <Property>
                <Name>Length</Name>
                <Value>6</Value>
              </Property>
              <Property>
                <Name>Picture</Name>
                <Value>ZZZZZ9</Value>
              </Property>
            </Properties>
          </Field>
          <Field name="DFElemWth" description="Element Width">
            <Properties>
              <Property>
                <Name>Type</Name>
                <Value>Numeric</Value>
              </Property>
              <Property>
                <Name>Length</Name>
                <Value>6</Value>
              </Property>
              <Property>
                <Name>Picture</Name>
                <Value>ZZZZZ9</Value>
              </Property>
            </Properties>
          </Field>
          <Field name="DFElemCntDec" description="Element Count Decimals">
            <Properties>
              <Property>
                <Name>Type</Name>
                <Value>Numeric</Value>
              </Property>
              <Property>
                <Name>Length</Name>
                <Value>6</Value>
              </Property>
              <Property>
                <Name>Picture</Name>
                <Value>ZZZZZ9</Value>
              </Property>
            </Properties>
          </Field>
          <Field name="DFElemCntRows" description="Element Count Rows">
            <Properties>
              <Property>
                <Name>Type</Name>
                <Value>Numeric</Value>
              </Property>
              <Property>
                <Name>Length</Name>
                <Value>6</Value>
              </Property>
              <Property>
                <Name>Picture</Name>
                <Value>ZZZZZ9</Value>
              </Property>
            </Properties>
          </Field>
          <Field name="DFElemCntCols" description="Element Count Columns">
            <Properties>
              <Property>
                <Name>Type</Name>
                <Value>Numeric</Value>
              </Property>
              <Property>
                <Name>Length</Name>
                <Value>6</Value>
              </Property>
              <Property>
                <Name>Picture</Name>
                <Value>ZZZZZ9</Value>
              </Property>
            </Properties>
          </Field>
          <Field name="DFElemForceSuggSel" description="If true, force to select a vlaue from the element list of suggest, False allow to type new element (that not exists in the list). Default value is True">
            <Properties>
              <Property>
                <Name>Type</Name>
                <Value>Boolean</Value>
              </Property>
            </Properties>
          </Field>
          <Field name="DFElemDftVal" description="Default Value">
            <Properties>
              <Property>
                <Name>Type</Name>
                <Value>Character</Value>
              </Property>
              <Property>
                <Name>Length</Name>
                <Value>200</Value>
              </Property>
            </Properties>
          </Field>
          <Field name="DFElemDateSel" description="Date Seleccionable">
            <Properties>
              <Property>
                <Name>Type</Name>
                <Value>Boolean</Value>
              </Property>
            </Properties>
          </Field>
          <Field name="DFElemHasPmpt" description="Si tiene prompt o no, en caso de tenerlo usa el LoadPrgName para cargarlo.">
            <Properties>
              <Property>
                <Name>Type</Name>
                <Value>Boolean</Value>
              </Property>
            </Properties>
          </Field>
          <Field name="DFElemLoadPrgName" description="Load Program Name">
            <Properties>
              <Property>
                <Name>Type</Name>
                <Value>VarChar</Value>
              </Property>
              <Property>
                <Name>Length</Name>
                <Value>255</Value>
              </Property>
            </Properties>
          </Field>
          <Field name="DFElemDscPrgName" description="Description Program Name">
            <Properties>
              <Property>
                <Name>Type</Name>
                <Value>VarChar</Value>
              </Property>
              <Property>
                <Name>Length</Name>
                <Value>255</Value>
              </Property>
            </Properties>
          </Field>
          <Field name="DFElemMinCntCharSugg" description="Minimun count of character to type before suggest shows the valid options. By default is 2.">
            <Properties>
              <Property>
                <Name>Type</Name>
                <Value>Numeric</Value>
              </Property>
              <Property>
                <Name>Length</Name>
                <Value>6</Value>
              </Property>
              <Property>
                <Name>Picture</Name>
                <Value>ZZZZZ9</Value>
              </Property>
            </Properties>
          </Field>
          <Field name="DFElemMaxSuggRes" description="Max Count of Items to show. The default value is 30.">
            <Properties>
              <Property>
                <Name>Type</Name>
                <Value>Numeric</Value>
              </Property>
              <Property>
                <Name>Length</Name>
                <Value>6</Value>
              </Property>
              <Property>
                <Name>Picture</Name>
                <Value>ZZZZZ9</Value>
              </Property>
            </Properties>
          </Field>
          <Field name="DFElemIsOrd" description="Is Orderable">
            <Properties>
              <Property>
                <Name>Type</Name>
                <Value>Boolean</Value>
              </Property>
            </Properties>
          </Field>
          <Field name="DFElemUseBtns" description="Use buttons for multiple selection">
            <Properties>
              <Property>
                <Name>Type</Name>
                <Value>Boolean</Value>
              </Property>
            </Properties>
          </Field>
          <Field name="DFElemAllowIns" description="Allow Insert?">
            <Properties>
              <Property>
                <Name>Type</Name>
                <Value>Boolean</Value>
              </Property>
            </Properties>
          </Field>
          <Field name="DFElemAllowUpd" description="Allow Update?">
            <Properties>
              <Property>
                <Name>Type</Name>
                <Value>Boolean</Value>
              </Property>
            </Properties>
          </Field>
          <Field name="DFElemAllowDlt" description="Allow Delete?">
            <Properties>
              <Property>
                <Name>Type</Name>
                <Value>Boolean</Value>
              </Property>
            </Properties>
          </Field>
          <Field name="DFElemRegexVal" description="Regex for Validation">
            <Properties>
              <Property>
                <Name>Type</Name>
                <Value>Character</Value>
              </Property>
              <Property>
                <Name>Length</Name>
                <Value>200</Value>
              </Property>
            </Properties>
          </Field>
          <Field name="DFElemFileType" description="DFElem File Type">
            <Properties>
              <Property>
                <Name>Type</Name>
                <Value>Character</Value>
              </Property>
              <Property>
                <Name>Length</Name>
                <Value>20</Value>
              </Property>
            </Properties>
          </Field>
          <Field name="DFElemIsFlt" description="Element Is Floating">
            <Properties>
              <Property>
                <Name>Type</Name>
                <Value>Character</Value>
              </Property>
              <Property>
                <Name>Length</Name>
                <Value>20</Value>
              </Property>
            </Properties>
          </Field>
          <Field name="DFElemLblWth" description="Element Label Width">
            <Properties>
              <Property>
                <Name>Type</Name>
                <Value>Character</Value>
              </Property>
              <Property>
                <Name>Length</Name>
                <Value>20</Value>
              </Property>
            </Properties>
          </Field>
          <Field name="DFElemCmpWth" description="Element Component Width">
            <Properties>
              <Property>
                <Name>Type</Name>
                <Value>Character</Value>
              </Property>
              <Property>
                <Name>Length</Name>
                <Value>20</Value>
              </Property>
            </Properties>
          </Field>
          <Field name="DFElemIsVis" description="Element Is Visible">
            <Properties>
              <Property>
                <Name>Type</Name>
                <Value>Boolean</Value>
              </Property>
            </Properties>
          </Field>
          <Field name="DFElemIsVisPrt" description="Element Is Visible in Print">
            <Properties>
              <Property>
                <Name>Type</Name>
                <Value>Boolean</Value>
              </Property>
            </Properties>
          </Field>
          <Field name="DFElemPrtName" description="Element Print Name">
            <Properties>
              <Property>
                <Name>Type</Name>
                <Value>Character</Value>
              </Property>
              <Property>
                <Name>Length</Name>
                <Value>40</Value>
              </Property>
            </Properties>
          </Field>
          <Field name="DFElemPrtAddRows" description="Element Add Rows">
            <Properties>
              <Property>
                <Name>Type</Name>
                <Value>Boolean</Value>
              </Property>
            </Properties>
          </Field>
          <Field name="DFElemPrtNumRowSkip" description="Element Number of rows to skip">
            <Properties>
              <Property>
                <Name>Type</Name>
                <Value>Numeric</Value>
              </Property>
              <Property>
                <Name>Length</Name>
                <Value>6</Value>
              </Property>
              <Property>
                <Name>Picture</Name>
                <Value>ZZZZZ9</Value>
              </Property>
            </Properties>
          </Field>
          <Field name="DFElemIsColap" description="Element Is Colapsable">
            <Properties>
              <Property>
                <Name>Type</Name>
                <Value>Boolean</Value>
              </Property>
            </Properties>
          </Field>
          <Field name="DFElemIsGrp" description="Element Is Group">
            <Properties>
              <Property>
                <Name>Type</Name>
                <Value>Boolean</Value>
              </Property>
            </Properties>
          </Field>
          <Field name="DFElemIsGrid" description="Element Is Grid">
            <Properties>
              <Property>
                <Name>Type</Name>
                <Value>Boolean</Value>
              </Property>
            </Properties>
          </Field>
          <Field name="DFElemFormPos" description="Element Form Position">
            <Properties>
              <Property>
                <Name>Type</Name>
                <Value>Numeric</Value>
              </Property>
              <Property>
                <Name>Length</Name>
                <Value>6</Value>
              </Property>
              <Property>
                <Name>Picture</Name>
                <Value>ZZZZZ9</Value>
              </Property>
            </Properties>
          </Field>
          <Field name="DFElemShwNbr" description="Show Number">
            <Properties>
              <Property>
                <Name>Type</Name>
                <Value>Boolean</Value>
              </Property>
            </Properties>
          </Field>
          <Field name="DFElemShwNbrLbl" description="Show Number Label">
            <Properties>
              <Property>
                <Name>Type</Name>
                <Value>Character</Value>
              </Property>
              <Property>
                <Name>Length</Name>
                <Value>20</Value>
              </Property>
            </Properties>
          </Field>
          <Field name="DFElemBtnPos" description="Elem Button Position">
            <Properties>
              <Property>
                <Name>Type</Name>
                <Value>Character</Value>
              </Property>
              <Property>
                <Name>Length</Name>
                <Value>20</Value>
              </Property>
            </Properties>
          </Field>
          <Field name="DFElemMetadata" description="DFElem Metadata">
            <Properties>
              <Property>
                <Name>Type</Name>
                <Value>VarChar</Value>
              </Property>
              <Property>
                <Name>Length</Name>
                <Value>200</Value>
              </Property>
            </Properties>
          </Field>
          <Field name="DFFiltros" description="DFFiltros" collection="true">
            <Fields>
              <Field name="FormuId" description="Identificación Formulario">
                <Properties>
                  <Property>
                    <Name>Type</Name>
                    <Value>Numeric</Value>
                  </Property>
                  <Property>
                    <Name>Length</Name>
                    <Value>6</Value>
                  </Property>
                  <Property>
                    <Name>Picture</Name>
                    <Value>ZZZZZ9</Value>
                  </Property>
                </Properties>
              </Field>
              <Field name="FormuVer" description="Versión del Formulario">
                <Properties>
                  <Property>
                    <Name>Type</Name>
                    <Value>Numeric</Value>
                  </Property>
                  <Property>
                    <Name>Length</Name>
                    <Value>6</Value>
                  </Property>
                  <Property>
                    <Name>Picture</Name>
                    <Value>ZZZZZ9</Value>
                  </Property>
                </Properties>
              </Field>
              <Field name="FormuNom" description="Nombre del Formulario">
                <Properties>
                  <Property>
                    <Name>Type</Name>
                    <Value>Character</Value>
                  </Property>
                  <Property>
                    <Name>Length</Name>
                    <Value>40</Value>
                  </Property>
                </Properties>
              </Field>
              <Field name="ElementoId" description="Id del Elemento">
                <Properties>
                  <Property>
                    <Name>Type</Name>
                    <Value>Numeric</Value>
                  </Property>
                  <Property>
                    <Name>Length</Name>
                    <Value>6</Value>
                  </Property>
                  <Property>
                    <Name>Picture</Name>
                    <Value>ZZZZZ9</Value>
                  </Property>
                </Properties>
              </Field>
              <Field name="ElementoVer" description="Versión del Elemento">
                <Properties>
                  <Property>
                    <Name>Type</Name>
                    <Value>Numeric</Value>
                  </Property>
                  <Property>
                    <Name>Length</Name>
                    <Value>6</Value>
                  </Property>
                  <Property>
                    <Name>Picture</Name>
                    <Value>ZZZZZ9</Value>
                  </Property>
                </Properties>
              </Field>
              <Field name="ElementoNombre" description="Nombre del Elemento">
                <Properties>
                  <Property>
                    <Name>Type</Name>
                    <Value>Character</Value>
                  </Property>
                  <Property>
                    <Name>Length</Name>
                    <Value>40</Value>
                  </Property>
                </Properties>
              </Field>
              <Field name="FiltroElementoId" description="Filtro Elemento Id">
                <Properties>
                  <Property>
                    <Name>Type</Name>
                    <Value>Numeric</Value>
                  </Property>
                  <Property>
                    <Name>Length</Name>
                    <Value>6</Value>
                  </Property>
                  <Property>
                    <Name>Picture</Name>
                    <Value>ZZZZZ9</Value>
                  </Property>
                </Properties>
              </Field>
              <Field name="FiltroElementoPos" description="Filtro Elemento Pos">
                <Properties>
                  <Property>
                    <Name>Type</Name>
                    <Value>Numeric</Value>
                  </Property>
                  <Property>
                    <Name>Length</Name>
                    <Value>4</Value>
                  </Property>
                  <Property>
                    <Name>Picture</Name>
                    <Value>ZZZ9</Value>
                  </Property>
                </Properties>
              </Field>
              <Field name="FiltroElementoElementoId" description="Filtro Elemento Id">
                <Properties>
                  <Property>
                    <Name>Type</Name>
                    <Value>Numeric</Value>
                  </Property>
                  <Property>
                    <Name>Length</Name>
                    <Value>6</Value>
                  </Property>
                  <Property>
                    <Name>Picture</Name>
                    <Value>ZZZZZ9</Value>
                  </Property>
                </Properties>
              </Field>
              <Field name="FiltroElementoElementoVer" description="Filtro Elemento Ver">
                <Properties>
                  <Property>
                    <Name>Type</Name>
                    <Value>Numeric</Value>
                  </Property>
                  <Property>
                    <Name>Length</Name>
                    <Value>6</Value>
                  </Property>
                  <Property>
                    <Name>Picture</Name>
                    <Value>ZZZZZ9</Value>
                  </Property>
                </Properties>
              </Field>
              <Field name="FiltroElementoElementoNombre" description="Filtro Elemento Nombre">
                <Properties>
                  <Property>
                    <Name>Type</Name>
                    <Value>Character</Value>
                  </Property>
                  <Property>
                    <Name>Length</Name>
                    <Value>40</Value>
                  </Property>
                </Properties>
              </Field>
            </Fields>
          </Field>
          <Field name="DFRules" description="DFRules" collection="true">
            <Fields>
              <Field name="FormuId" description="Formulario">
                <Properties>
                  <Property>
                    <Name>Type</Name>
                    <Value>Numeric</Value>
                  </Property>
                  <Property>
                    <Name>Length</Name>
                    <Value>6</Value>
                  </Property>
                  <Property>
                    <Name>Picture</Name>
                    <Value>ZZZZZ9</Value>
                  </Property>
                </Properties>
              </Field>
              <Field name="FormuVer" description="Versión">
                <Properties>
                  <Property>
                    <Name>Type</Name>
                    <Value>Numeric</Value>
                  </Property>
                  <Property>
                    <Name>Length</Name>
                    <Value>6</Value>
                  </Property>
                  <Property>
                    <Name>Picture</Name>
                    <Value>ZZZZZ9</Value>
                  </Property>
                </Properties>
              </Field>
              <Field name="FormuNom" description="Nombre del Formulario">
                <Properties>
                  <Property>
                    <Name>Type</Name>
                    <Value>Character</Value>
                  </Property>
                  <Property>
                    <Name>Length</Name>
                    <Value>40</Value>
                  </Property>
                </Properties>
              </Field>
              <Field name="ElementoId" description="Id del Elemento">
                <Properties>
                  <Property>
                    <Name>Type</Name>
                    <Value>Numeric</Value>
                  </Property>
                  <Property>
                    <Name>Length</Name>
                    <Value>6</Value>
                  </Property>
                  <Property>
                    <Name>Picture</Name>
                    <Value>ZZZZZ9</Value>
                  </Property>
                </Properties>
              </Field>
              <Field name="ElementoVer" description="Versión del Elemento">
                <Properties>
                  <Property>
                    <Name>Type</Name>
                    <Value>Numeric</Value>
                  </Property>
                  <Property>
                    <Name>Length</Name>
                    <Value>6</Value>
                  </Property>
                  <Property>
                    <Name>Picture</Name>
                    <Value>ZZZZZ9</Value>
                  </Property>
                </Properties>
              </Field>
              <Field name="ElementoNombre" description="Nombre del Elemento">
                <Properties>
                  <Property>
                    <Name>Type</Name>
                    <Value>Character</Value>
                  </Property>
                  <Property>
                    <Name>Length</Name>
                    <Value>40</Value>
                  </Property>
                </Properties>
              </Field>
              <Field name="ElementoRuleId" description="Elemento Rule Id">
                <Properties>
                  <Property>
                    <Name>Type</Name>
                    <Value>Numeric</Value>
                  </Property>
                  <Property>
                    <Name>Length</Name>
                    <Value>6</Value>
                  </Property>
                  <Property>
                    <Name>Picture</Name>
                    <Value>ZZZZZ9</Value>
                  </Property>
                </Properties>
              </Field>
              <Field name="ElementoRuleFuncion" description="Elemento Rule Funcion">
                <Properties>
                  <Property>
                    <Name>Type</Name>
                    <Value>Character</Value>
                  </Property>
                  <Property>
                    <Name>Length</Name>
                    <Value>20</Value>
                  </Property>
                </Properties>
              </Field>
              <Field name="ElementoRuleParametro" description="Elemento Rule Parametro">
                <Properties>
                  <Property>
                    <Name>Type</Name>
                    <Value>Character</Value>
                  </Property>
                  <Property>
                    <Name>Length</Name>
                    <Value>200</Value>
                  </Property>
                </Properties>
              </Field>
              <Field name="ElementoRuleSubFile" description="Elemento Rule Sub File">
                <Properties>
                  <Property>
                    <Name>Type</Name>
                    <Value>Boolean</Value>
                  </Property>
                </Properties>
              </Field>
              <Field name="Condicion" description="Condicion" collection="true">
                <Fields>
                  <Field name="ElementoRuleCondicionId" description="Elemento Rule Condicion Id">
                    <Properties>
                      <Property>
                        <Name>Type</Name>
                        <Value>Numeric</Value>
                      </Property>
                      <Property>
                        <Name>Length</Name>
                        <Value>6</Value>
                      </Property>
                      <Property>
                        <Name>Picture</Name>
                        <Value>ZZZZZ9</Value>
                      </Property>
                    </Properties>
                  </Field>
                  <Field name="ElementoRuleCondicionElementoId" description="Elemento Rule Condicion Elemento Id">
                    <Properties>
                      <Property>
                        <Name>Type</Name>
                        <Value>Numeric</Value>
                      </Property>
                      <Property>
                        <Name>Length</Name>
                        <Value>6</Value>
                      </Property>
                      <Property>
                        <Name>Picture</Name>
                        <Value>ZZZZZ9</Value>
                      </Property>
                    </Properties>
                  </Field>
                  <Field name="ElementoRuleCondicionElementoVer" description="Elemento Rule Condicion Elemento Ver">
                    <Properties>
                      <Property>
                        <Name>Type</Name>
                        <Value>Numeric</Value>
                      </Property>
                      <Property>
                        <Name>Length</Name>
                        <Value>6</Value>
                      </Property>
                      <Property>
                        <Name>Picture</Name>
                        <Value>ZZZZZ9</Value>
                      </Property>
                    </Properties>
                  </Field>
                  <Field name="ElementoRuleCondicionOperador" description="Elemento Rule Condicion Operador">
                    <Properties>
                      <Property>
                        <Name>Type</Name>
                        <Value>Numeric</Value>
                      </Property>
                      <Property>
                        <Name>Length</Name>
                        <Value>4</Value>
                      </Property>
                      <Property>
                        <Name>Picture</Name>
                        <Value>ZZZ9</Value>
                      </Property>
                    </Properties>
                  </Field>
                  <Field name="ElementoRuleCondicionOperando" description="Elemento Rule Condicion Operando">
                    <Properties>
                      <Property>
                        <Name>Type</Name>
                        <Value>Character</Value>
                      </Property>
                      <Property>
                        <Name>Length</Name>
                        <Value>200</Value>
                      </Property>
                    </Properties>
                  </Field>
                  <Field name="ElementoRuleCondicionAnterior" description="Elemento Rule Condicion Anterior">
                    <Properties>
                      <Property>
                        <Name>Type</Name>
                        <Value>Numeric</Value>
                      </Property>
                      <Property>
                        <Name>Length</Name>
                        <Value>6</Value>
                      </Property>
                      <Property>
                        <Name>Picture</Name>
                        <Value>ZZZZZ9</Value>
                      </Property>
                    </Properties>
                  </Field>
                  <Field name="ElementoRuleCondicionAnteriorVinculo" description="Elemento Rule Condicion Anterior Vinculo">
                    <Properties>
                      <Property>
                        <Name>Type</Name>
                        <Value>Numeric</Value>
                      </Property>
                      <Property>
                        <Name>Length</Name>
                        <Value>1</Value>
                      </Property>
                      <Property>
                        <Name>Picture</Name>
                        <Value>9</Value>
                      </Property>
                    </Properties>
                  </Field>
                </Fields>
              </Field>
              <Field name="Parametro" description="Parametro" collection="true">
                <Fields>
                  <Field name="ElementRuleParametroId" description="DFRule Elem Form Parm Id">
                    <Properties>
                      <Property>
                        <Name>Type</Name>
                        <Value>Numeric</Value>
                      </Property>
                      <Property>
                        <Name>Length</Name>
                        <Value>6</Value>
                      </Property>
                      <Property>
                        <Name>Picture</Name>
                        <Value>ZZZZZ9</Value>
                      </Property>
                    </Properties>
                  </Field>
                  <Field name="ElementRuleParametroElementoId" description="DFRule Elem Form Parm Elem Id">
                    <Properties>
                      <Property>
                        <Name>Type</Name>
                        <Value>Numeric</Value>
                      </Property>
                      <Property>
                        <Name>Length</Name>
                        <Value>6</Value>
                      </Property>
                      <Property>
                        <Name>Picture</Name>
                        <Value>ZZZZZ9</Value>
                      </Property>
                    </Properties>
                  </Field>
                  <Field name="ElementRuleParametroElementoVer" description="DFRule Elem Form Parm Elem Ver">
                    <Properties>
                      <Property>
                        <Name>Type</Name>
                        <Value>Numeric</Value>
                      </Property>
                      <Property>
                        <Name>Length</Name>
                        <Value>6</Value>
                      </Property>
                      <Property>
                        <Name>Picture</Name>
                        <Value>ZZZZZ9</Value>
                      </Property>
                    </Properties>
                  </Field>
                  <Field name="ElementRuleParametroValor" description="DFRule Elem Form Parm Elem Valor">
                    <Properties>
                      <Property>
                        <Name>Type</Name>
                        <Value>Character</Value>
                      </Property>
                      <Property>
                        <Name>Length</Name>
                        <Value>30</Value>
                      </Property>
                    </Properties>
                  </Field>
                </Fields>
              </Field>
            </Fields>
          </Field>
          <Field name="DFRestricciones" description="DFRestricciones" collection="true">
            <Fields>
              <Field name="DynFormFormId" description="Form">
                <Properties>
                  <Property>
                    <Name>Type</Name>
                    <Value>Numeric</Value>
                  </Property>
                  <Property>
                    <Name>Length</Name>
                    <Value>6</Value>
                  </Property>
                  <Property>
                    <Name>Picture</Name>
                    <Value>ZZZZZ9</Value>
                  </Property>
                </Properties>
              </Field>
              <Field name="DynFormFormVersion" description="Version">
                <Properties>
                  <Property>
                    <Name>Type</Name>
                    <Value>Numeric</Value>
                  </Property>
                  <Property>
                    <Name>Length</Name>
                    <Value>6</Value>
                  </Property>
                  <Property>
                    <Name>Picture</Name>
                    <Value>ZZZZZ9</Value>
                  </Property>
                </Properties>
              </Field>
              <Field name="DynFormElementId" description="Element Id">
                <Properties>
                  <Property>
                    <Name>Type</Name>
                    <Value>Numeric</Value>
                  </Property>
                  <Property>
                    <Name>Length</Name>
                    <Value>6</Value>
                  </Property>
                  <Property>
                    <Name>Picture</Name>
                    <Value>ZZZZZ9</Value>
                  </Property>
                </Properties>
              </Field>
              <Field name="DynFormElementVersion" description="Element Version">
                <Properties>
                  <Property>
                    <Name>Type</Name>
                    <Value>Numeric</Value>
                  </Property>
                  <Property>
                    <Name>Length</Name>
                    <Value>6</Value>
                  </Property>
                  <Property>
                    <Name>Picture</Name>
                    <Value>ZZZZZ9</Value>
                  </Property>
                </Properties>
              </Field>
              <Field name="DynFormElementRestrictionId" description="Element Restriction">
                <Properties>
                  <Property>
                    <Name>Type</Name>
                    <Value>Numeric</Value>
                  </Property>
                  <Property>
                    <Name>Length</Name>
                    <Value>6</Value>
                  </Property>
                  <Property>
                    <Name>Picture</Name>
                    <Value>ZZZZZ9</Value>
                  </Property>
                </Properties>
              </Field>
              <Field name="DynFormElementRestrictionValue" description="Element Restriction Value">
                <Properties>
                  <Property>
                    <Name>Type</Name>
                    <Value>Character</Value>
                  </Property>
                  <Property>
                    <Name>Length</Name>
                    <Value>200</Value>
                  </Property>
                </Properties>
              </Field>
              <Field name="DynFormElementRestrictionName" description="Element Restriction Name">
                <Properties>
                  <Property>
                    <Name>Type</Name>
                    <Value>Character</Value>
                  </Property>
                  <Property>
                    <Name>Length</Name>
                    <Value>40</Value>
                  </Property>
                </Properties>
              </Field>
            </Fields>
          </Field>
          <Field name="DFSubElementos" description="DFSub Elementos" collection="true">
            <Fields>
              <Field name="Elemento" description="Elemento">
                <Fields />
              </Field>
              <Field name="InhType" description="Inh Type">
                <Properties>
                  <Property>
                    <Name>Type</Name>
                    <Value>Character</Value>
                  </Property>
                  <Property>
                    <Name>Length</Name>
                    <Value>1</Value>
                  </Property>
                </Properties>
              </Field>
            </Fields>
          </Field>
        </Fields>
      </Field>
    </Parameter>
  </Signature>
</CallableObject>