﻿<?xml version="1.0" encoding="utf-8"?>
<Queries xmlns="qv">
  <Query name="WFProcessDeadlineStatus" id="1" textForNullValues="" xmlns="qv"><![CDATA[SELECT N.F1, N.F2*100.0/T.F2 AS F2 FROM (SELECT F1, Count(iF2) AS F2 FROM (SELECT CASE  WHEN GXC1 = 'At Risk' THEN 'GXWF_AT_RISK' WHEN GXC1 = 'On Time' THEN 'GXWF_ON_TIME' WHEN GXC1 = 'Delayed' THEN 'GXWF_DELAYED' ELSE '' END AS F1, iF2 FROM (SELECT CASE  WHEN T1.WFInsPrcDeadline = 'Y' THEN 'Delayed' WHEN T1.WFInsPrcWarn = 'Y' THEN 'At Risk' ELSE 'On Time' END AS GXC1, T1.WFInsPrcId AS iF2 FROM (GXFLOW_SCHEMA.WFInstPrc T1 INNER JOIN GXFLOW_SCHEMA.WFProcess T2 ON T2.WFPrcId = T1.WFPrcId) WHERE (Not ( ( &active& = 1)) or ( T1.WFInsPrcOSta = 1)) AND ((rtrim(&processGUID&) IS NULL) or ( T2.WFPrcUID = &processGUID&)) AND (Not ( Not (&parmTo& = TO_DATE('0001-01-01', 'YYYY-MM-DD')) and &active& = 0) or ( T1.WFInsPrcEnd <= &parmTo&)) AND (Not ( Not (&parmFrom& = TO_DATE('0001-01-01', 'YYYY-MM-DD')) and &active& = 0) or ( T1.WFInsPrcEnd >= &parmFrom&)) )) GROUP BY F1) N, (SELECT Count(iF2) AS F2 FROM (SELECT T1.WFInsPrcId AS iF2 FROM (GXFLOW_SCHEMA.WFInstPrc T1 INNER JOIN GXFLOW_SCHEMA.WFProcess T2 ON T2.WFPrcId = T1.WFPrcId) WHERE (Not ( ( &active& = 1)) or ( T1.WFInsPrcOSta = 1)) AND ((rtrim(&processGUID&) IS NULL) or ( T2.WFPrcUID = &processGUID&)) AND (Not ( Not (&parmTo& = TO_DATE('0001-01-01', 'YYYY-MM-DD')) and &active& = 0) or ( T1.WFInsPrcEnd <= &parmTo&)) AND (Not ( Not (&parmFrom& = TO_DATE('0001-01-01', 'YYYY-MM-DD')) and &active& = 0) or ( T1.WFInsPrcEnd >= &parmFrom&)) )) T WHERE T.F2 <> 0]]><ConnectionInfo xmlns="qv"><IsDefault>true</IsDefault></ConnectionInfo><Fields xmlns="qv"><Field ispercentage="false" translatable="true"><Name>WFInsPrcDlnStatus</Name><Caption>Deadline Status</Caption><GXType>Character</GXType><DataColumn><Caption>Deadline Status</Caption><ColumnName>F1</ColumnName></DataColumn><Format Visible="true" Axis="Rows" Picture="" TargetValue="0" MaximumValue="0" Subtotals="Yes" CanDragToPages="true" OrderType="None" ExpandCollapse="ExpandAllValues" FilterType="ShowAllValues" Style="borderThickness:1" ValuesStyles="[]" /><Actions RaiseItemClick="true" /></Field><Field ispercentage="true" Aggregation="Sum"><Name>Count (WFInsPrcId)</Name><Caption>Count (Process Instance Id)</Caption><GXType>Real</GXType><DataColumn><Caption>Count (Process Instance Id)</Caption><ColumnName>F2</ColumnName></DataColumn><Format Visible="true" Axis="Data" Picture="" TargetValue="0" MaximumValue="0" Subtotals="Yes" CanDragToPages="true" Style="borderThickness:1" ConditionalStyles="[]" /><Actions RaiseItemClick="true" /></Field></Fields><Parameters xmlns="qv"><Parameter><Name>processGUID</Name><Description /><Type>Character</Type><IsCollection>false</IsCollection><Value /></Parameter><Parameter><Name>active</Name><Description /><Type>Boolean</Type><IsCollection>false</IsCollection><Value>true</Value></Parameter><Parameter><Name>parmFrom</Name><Description>From</Description><Type>DateTime</Type><IsCollection>false</IsCollection><Value>2010-09-01 16:38:00.000</Value></Parameter><Parameter><Name>parmTo</Name><Description>To</Description><Type>DateTime</Type><IsCollection>false</IsCollection><Value>2014-01-27 00:00:00.000</Value></Parameter></Parameters></Query>
  <Query name="WFProcessDuration" id="2" textForNullValues="" xmlns="qv"><![CDATA[SELECT T1.F1, T1.F1_N, T1.F1_D, T2.F2, COALESCE(T1.F3,T2.F3) AS F3 FROM ((SELECT F3, Avg(iF1) AS F1, Sum(iF1_N) AS F1_N, Count(iF1_D) AS F1_D FROM (SELECT T2.WFPrcDsc AS F3, T2.WFPrcEstDur AS iF1, T2.WFPrcEstDur AS iF1_N, T2.WFPrcEstDur AS iF1_D FROM (GXFLOW_SCHEMA.WFInstPrc T1 INNER JOIN GXFLOW_SCHEMA.WFProcess T2 ON T2.WFPrcId = T1.WFPrcId) WHERE ((&parmTo& = TO_DATE('0001-01-01', 'YYYY-MM-DD')) or ( T1.WFInsPrcEnd <= &parmTo&)) AND ((&parmFrom& = TO_DATE('0001-01-01', 'YYYY-MM-DD')) or ( T1.WFInsPrcEnd >= &parmFrom&)) AND ((rtrim(&processGUID&) IS NULL) or ( T2.WFPrcUID = &processGUID&)) AND (T1.WFInsPrcSta = 'C') ) GROUP BY F3) T1 FULL JOIN (SELECT F3, CAST(COALESCE( GXC1, 0) / 60 AS NUMERIC(20,10)) AS F2 FROM (SELECT F3, Avg(iGXC1) AS GXC1 FROM (SELECT T2.WFPrcDsc AS F3, T1.WFInsPrcDur AS iGXC1 FROM (GXFLOW_SCHEMA.WFInstPrc T1 INNER JOIN GXFLOW_SCHEMA.WFProcess T2 ON T2.WFPrcId = T1.WFPrcId) WHERE ((&parmTo& = TO_DATE('0001-01-01', 'YYYY-MM-DD')) or ( T1.WFInsPrcEnd <= &parmTo&)) AND ((&parmFrom& = TO_DATE('0001-01-01', 'YYYY-MM-DD')) or ( T1.WFInsPrcEnd >= &parmFrom&)) AND ((rtrim(&processGUID&) IS NULL) or ( T2.WFPrcUID = &processGUID&)) AND (T1.WFInsPrcSta = 'C') ) GROUP BY F3)) T2 ON (T2.F3 = T1.F3)) ORDER BY F3]]><ConnectionInfo xmlns="qv"><IsDefault>true</IsDefault></ConnectionInfo><Fields xmlns="qv"><Field ispercentage="false" Aggregation="Average" Numerator="F1_N" Denominator="F1_D"><Name>Average (WFPrcEstDur)</Name><Caption>GXWF_ESTIMATED</Caption><GXType>Real</GXType><DataColumn><Caption>GXWF_ESTIMATED</Caption><ColumnName>F1</ColumnName></DataColumn><Format Visible="true" Axis="Data" Picture="ZZZZZZZZZ9" TargetValue="0" MaximumValue="0" Subtotals="Yes" CanDragToPages="true" Style="borderThickness:1" ConditionalStyles="[]" /><Actions RaiseItemClick="true" /></Field><Field IsComponent="true" Aggregation="Sum"><Name>F1_N</Name><Caption>F1_N</Caption><GXType>Integer</GXType><DataColumn><ColumnName>F1_N</ColumnName></DataColumn><Format Axis="Hidden" /><Actions RaiseItemClick="false" /></Field><Field IsComponent="true" Aggregation="Count"><Name>F1_D</Name><Caption>F1_D</Caption><GXType>Integer</GXType><DataColumn><ColumnName>F1_D</ColumnName></DataColumn><Format Axis="Hidden" /><Actions RaiseItemClick="false" /></Field><Field ispercentage="false" Aggregation="Sum"><Name>Average (WFInsPrcDur) / 60</Name><Caption>GXWF_AVERAGE</Caption><GXType>Real</GXType><DataColumn><Caption>GXWF_AVERAGE</Caption><ColumnName>F2</ColumnName></DataColumn><Format Visible="true" Axis="Data" Picture="" TargetValue="0" MaximumValue="0" Subtotals="Yes" CanDragToPages="true" Style="borderThickness:1" ConditionalStyles="[]" /><Actions RaiseItemClick="true" /></Field><Field ispercentage="false"><Name>WFPrcDsc</Name><Caption>GXWF_PROCESS</Caption><GXType>Character</GXType><DataColumn><Caption>GXWF_PROCESS</Caption><ColumnName>F3</ColumnName></DataColumn><Format Visible="true" Axis="Rows" Picture="" TargetValue="0" MaximumValue="0" Subtotals="Yes" CanDragToPages="true" OrderType="None" ExpandCollapse="ExpandAllValues" FilterType="ShowAllValues" Style="borderThickness:1" ValuesStyles="[]" /><Actions RaiseItemClick="true" /></Field></Fields><Parameters xmlns="qv"><Parameter><Name>processGUID</Name><Description /><Type>Character</Type><IsCollection>false</IsCollection><Value /></Parameter><Parameter><Name>parmFrom</Name><Description>From</Description><Type>DateTime</Type><IsCollection>false</IsCollection><Value>2014-01-27 00:00:00.000</Value></Parameter><Parameter><Name>parmTo</Name><Description>To</Description><Type>DateTime</Type><IsCollection>false</IsCollection><Value>2014-01-27 00:00:00.000</Value></Parameter></Parameters></Query>
  <Query name="WFProcessCreationRanking" id="3" textForNullValues="" xmlns="qv"><![CDATA[SELECT F1, Count(iF2) AS F2 FROM (SELECT T2.WFPrcDsc AS F1, T1.WFInsPrcId AS iA1, T1.WFInsPrcId AS iF2 FROM (GXFLOW_SCHEMA.WFInstPrc T1 INNER JOIN GXFLOW_SCHEMA.WFProcess T2 ON T2.WFPrcId = T1.WFPrcId) WHERE ( T1.WFInsPrcInit >= &parmFrom&) and ( T1.WFInsPrcInit <= &parmTo&) ) GROUP BY F1 ORDER BY Count(iA1) DESC]]><ConnectionInfo xmlns="qv"><IsDefault>true</IsDefault></ConnectionInfo><Fields xmlns="qv"><Field ispercentage="false"><Name>WFPrcDsc</Name><Caption>Process</Caption><GXType>Character</GXType><DataColumn><Caption>Process</Caption><ColumnName>F1</ColumnName></DataColumn><Format Visible="true" Axis="Rows" Picture="" TargetValue="0" MaximumValue="0" Subtotals="Yes" CanDragToPages="true" OrderType="None" ExpandCollapse="ExpandAllValues" FilterType="ShowAllValues" Style="borderThickness:1" ValuesStyles="[]" /><Actions RaiseItemClick="true" /></Field><Field ispercentage="false" Aggregation="Count"><Name>Count (WFInsPrcId)</Name><Caption>Quantity</Caption><GXType>Integer</GXType><DataColumn><Caption>Quantity</Caption><ColumnName>F2</ColumnName></DataColumn><Format Visible="true" Axis="Data" Picture="" TargetValue="0" MaximumValue="0" Subtotals="Yes" CanDragToPages="true" Style="borderThickness:1" ConditionalStyles="[]" /><Actions RaiseItemClick="true" /></Field></Fields><Parameters xmlns="qv"><Parameter><Name>parmFrom</Name><Description>From</Description><Type>DateTime</Type><IsCollection>false</IsCollection><Value>2011-10-25 00:00:00.000</Value></Parameter><Parameter><Name>parmTo</Name><Description>To</Description><Type>DateTime</Type><IsCollection>false</IsCollection><Value>2012-12-02 00:00:00.000</Value></Parameter></Parameters></Query>
  <Query name="WFProcessCountState" id="4" textForNullValues="" xmlns="qv"><![CDATA[SELECT T1.F1, T2.F2, T3.F3, COALESCE(T1.F4,T2.F4,T3.F4) AS F4 FROM (((SELECT F4, Count(iF1) AS F1, A1 FROM (SELECT T2.WFPrcDsc AS F4, T1.WFPrcName AS A1, T1.WFInsPrcId AS iF1 FROM (GXFLOW_SCHEMA.WFInstPrc T1 INNER JOIN GXFLOW_SCHEMA.WFProcess T2 ON T2.WFPrcId = T1.WFPrcId) WHERE ((rtrim(&processGUID&) IS NULL) or ( T2.WFPrcUID = &processGUID&)) AND (T1.WFInsPrcWarn = 'N') AND (T1.WFInsPrcDeadline = 'N') AND (T1.WFInsPrcOSta = 1) ) GROUP BY F4, A1) T1 FULL JOIN (SELECT F4, Count(iF2) AS F2, A1 FROM (SELECT T2.WFPrcDsc AS F4, T1.WFPrcName AS A1, T1.WFInsPrcId AS iF2 FROM (GXFLOW_SCHEMA.WFInstPrc T1 INNER JOIN GXFLOW_SCHEMA.WFProcess T2 ON T2.WFPrcId = T1.WFPrcId) WHERE ((rtrim(&processGUID&) IS NULL) or ( T2.WFPrcUID = &processGUID&)) AND (T1.WFInsPrcWarn = 'Y') AND (T1.WFInsPrcDeadline = 'N') AND (T1.WFInsPrcOSta = 1) ) GROUP BY F4, A1) T2 ON (T2.F4 = T1.F4)) FULL JOIN (SELECT F4, Count(iF3) AS F3, A1 FROM (SELECT T2.WFPrcDsc AS F4, T1.WFPrcName AS A1, T1.WFInsPrcId AS iF3 FROM (GXFLOW_SCHEMA.WFInstPrc T1 INNER JOIN GXFLOW_SCHEMA.WFProcess T2 ON T2.WFPrcId = T1.WFPrcId) WHERE ((rtrim(&processGUID&) IS NULL) or ( T2.WFPrcUID = &processGUID&)) AND (T1.WFInsPrcDeadline = 'Y') AND (T1.WFInsPrcOSta = 1) ) GROUP BY F4, A1) T3 ON (T3.F4 = T2.F4) or (T3.F4 = T1.F4)) ORDER BY COALESCE(T1.A1,T2.A1,T3.A1)]]><ConnectionInfo xmlns="qv"><IsDefault>true</IsDefault></ConnectionInfo><Fields xmlns="qv"><Field ispercentage="false" Aggregation="Count"><Name>Count (WFInsPrcId) where ((WFInsPrcWarn = "N") AND (WFInsPrcDeadline = "N"))</Name><Caption>On Time</Caption><GXType>Integer</GXType><DataColumn><Caption>On Time</Caption><ColumnName>F1</ColumnName></DataColumn><Format Visible="true" Axis="Data" Picture="" TargetValue="0" MaximumValue="0" Subtotals="Yes" CanDragToPages="true" Style="color:#8BBA00;borderThickness:1" ConditionalStyles="[]" /><Actions RaiseItemClick="true" /></Field><Field ispercentage="false" Aggregation="Count"><Name>Count (WFInsPrcId) where ((WFInsPrcWarn = "Y") AND (WFInsPrcDeadline = "N"))</Name><Caption>At Risk</Caption><GXType>Integer</GXType><DataColumn><Caption>At Risk</Caption><ColumnName>F2</ColumnName></DataColumn><Format Visible="true" Axis="Data" Picture="" TargetValue="0" MaximumValue="0" Subtotals="Yes" CanDragToPages="true" Style="color:#FFD700;borderThickness:1" ConditionalStyles="[]" /><Actions RaiseItemClick="true" /></Field><Field ispercentage="false" Aggregation="Count"><Name>Count (WFInsPrcId) where (WFInsPrcDeadline = "Y")</Name><Caption>Delayed</Caption><GXType>Integer</GXType><DataColumn><Caption>Delayed</Caption><ColumnName>F3</ColumnName></DataColumn><Format Visible="true" Axis="Data" Picture="" TargetValue="0" MaximumValue="0" Subtotals="Yes" CanDragToPages="true" Style="color:#DC143C;borderThickness:1" ConditionalStyles="[]" /><Actions RaiseItemClick="true" /></Field><Field ispercentage="false"><Name>WFPrcDsc</Name><Caption>Process</Caption><GXType>Character</GXType><DataColumn><Caption>Process</Caption><ColumnName>F4</ColumnName></DataColumn><Format Visible="true" Axis="Rows" Picture="" TargetValue="0" MaximumValue="0" Subtotals="Yes" CanDragToPages="true" OrderType="None" ExpandCollapse="ExpandAllValues" FilterType="ShowAllValues" Style="borderThickness:1" ValuesStyles="[]" /><Actions RaiseItemClick="true" /></Field></Fields><Parameters xmlns="qv"><Parameter><Name>processGUID</Name><Description /><Type>Character</Type><IsCollection>false</IsCollection><Value /></Parameter></Parameters></Query>
  <Query name="WFProcessDeadlines" id="5" textForNullValues="" xmlns="qv"><![CDATA[SELECT F1, Count(iF2) AS F2 FROM (SELECT T1.WFInsPrcDlnTime AS F1, T1.WFInsPrcId AS iF2 FROM (GXFLOW_SCHEMA.WFInstPrc T1 INNER JOIN GXFLOW_SCHEMA.WFProcess T2 ON T2.WFPrcId = T1.WFPrcId) WHERE ((rtrim(&processGUID&) IS NULL) or ( T2.WFPrcUID = &processGUID&)) AND ((&parmTo& = TO_DATE('0001-01-01', 'YYYY-MM-DD')) or ( T1.WFInsPrcDlnTime < &parmTo&)) AND ((&parmFrom& = TO_DATE('0001-01-01', 'YYYY-MM-DD')) or ( T1.WFInsPrcDlnTime >= &parmFrom&)) AND (T1.WFInsPrcOSta = 1) ) GROUP BY F1]]><ConnectionInfo xmlns="qv"><IsDefault>true</IsDefault></ConnectionInfo><Fields xmlns="qv"><Field ispercentage="false"><Name>WFInsPrcDlnDate</Name><Caption>Deadline Date</Caption><GXType>Date</GXType><Grouping><GroupByYear>false</GroupByYear><GroupBySemester>false</GroupBySemester><GroupByQuarter>false</GroupByQuarter><GroupByMonth>false</GroupByMonth><GroupByDayOfWeek>false</GroupByDayOfWeek><HideValue>false</HideValue></Grouping><DataColumn><Caption>Deadline Date</Caption><ColumnName>F1</ColumnName></DataColumn><Format Visible="true" Axis="Rows" Picture="99/99/99" TargetValue="0" MaximumValue="0" Subtotals="Yes" CanDragToPages="true" OrderType="None" ExpandCollapse="ExpandAllValues" FilterType="ShowAllValues" Style="borderThickness:1" ValuesStyles="[]" /><Actions RaiseItemClick="true" /></Field><Field ispercentage="false" Aggregation="Count"><Name>Count (WFInsPrcId)</Name><Caption>Quantity</Caption><GXType>Integer</GXType><DataColumn><Caption>Quantity</Caption><ColumnName>F2</ColumnName></DataColumn><Format Visible="true" Axis="Data" Picture="" TargetValue="0" MaximumValue="0" Subtotals="Yes" CanDragToPages="true" Style="borderThickness:1" ConditionalStyles="[]" /><Actions RaiseItemClick="true" /></Field></Fields><Parameters xmlns="qv"><Parameter><Name>parmFrom</Name><Description>From</Description><Type>DateTime</Type><IsCollection>false</IsCollection><Value>2010-11-08 00:00:00.000</Value></Parameter><Parameter><Name>parmTo</Name><Description>To</Description><Type>DateTime</Type><IsCollection>false</IsCollection><Value>2012-05-19 00:00:00.000</Value></Parameter><Parameter><Name>processGUID</Name><Description /><Type>Character</Type><IsCollection>false</IsCollection><Value /></Parameter></Parameters></Query>
  <Query name="WFTaskDeadlineStatus" id="6" textForNullValues="" xmlns="qv"><![CDATA[SELECT N.F1, N.F2*100.0/T.F2 AS F2 FROM (SELECT F1, Count(iF2) AS F2 FROM (SELECT CASE  WHEN GXC1 = 'At Risk' THEN 'GXWF_AT_RISK' WHEN GXC1 = 'On Time' THEN 'GXWF_ON_TIME' WHEN GXC1 = 'Delayed' THEN 'GXWF_DELAYED' ELSE '' END AS F1, iF2 FROM (SELECT CASE  WHEN COALESCE( T1.WFItemDln, '') = 'Y' THEN 'Delayed' WHEN COALESCE( T1.WFItemWrn, '') = 'Y' THEN 'At Risk' ELSE 'On Time' END AS GXC1, T1.WFItemId AS iF2 FROM ((GXFLOW_SCHEMA.WFWrkItems T1 INNER JOIN GXFLOW_SCHEMA.WFProcess T2 ON T2.WFPrcId = T1.WFPrcId) INNER JOIN GXFLOW_SCHEMA.WFTask T3 ON T3.WFPrcId = T1.WFPrcId AND T3.WFTaskCod = T1.WFTaskCod) WHERE (Not ( ( &active& = 1)) or ( T1.WFItemStsAct = 1)) AND ((rtrim(&taskGUID&) IS NULL) or ( T3.WFTaskUID = &taskGUID&)) AND ((rtrim(&processGUID&) IS NULL) or ( T2.WFPrcUID = &processGUID&)) AND (Not ( Not (&parmTo& = TO_DATE('0001-01-01', 'YYYY-MM-DD')) and &active& = 0) or ( T1.WFItemEnd < &parmTo&)) AND (Not ( Not (&parmFrom& = TO_DATE('0001-01-01', 'YYYY-MM-DD')) and &active& = 0) or ( T1.WFItemEnd >= &parmFrom&)) AND (T3.WFTaskCls = 'N') )) GROUP BY F1) N, (SELECT Count(iF2) AS F2 FROM (SELECT T1.WFItemId AS iF2 FROM ((GXFLOW_SCHEMA.WFWrkItems T1 INNER JOIN GXFLOW_SCHEMA.WFProcess T2 ON T2.WFPrcId = T1.WFPrcId) INNER JOIN GXFLOW_SCHEMA.WFTask T3 ON T3.WFPrcId = T1.WFPrcId AND T3.WFTaskCod = T1.WFTaskCod) WHERE (Not ( ( &active& = 1)) or ( T1.WFItemStsAct = 1)) AND ((rtrim(&taskGUID&) IS NULL) or ( T3.WFTaskUID = &taskGUID&)) AND ((rtrim(&processGUID&) IS NULL) or ( T2.WFPrcUID = &processGUID&)) AND (Not ( Not (&parmTo& = TO_DATE('0001-01-01', 'YYYY-MM-DD')) and &active& = 0) or ( T1.WFItemEnd < &parmTo&)) AND (Not ( Not (&parmFrom& = TO_DATE('0001-01-01', 'YYYY-MM-DD')) and &active& = 0) or ( T1.WFItemEnd >= &parmFrom&)) AND (T3.WFTaskCls = 'N') )) T WHERE T.F2 <> 0]]><ConnectionInfo xmlns="qv"><IsDefault>true</IsDefault></ConnectionInfo><Fields xmlns="qv"><Field ispercentage="false" translatable="true"><Name>WFItemDlnStatus</Name><Caption>Deadline Status</Caption><GXType>Character</GXType><DataColumn><Caption>Deadline Status</Caption><ColumnName>F1</ColumnName></DataColumn><Format Visible="true" Axis="Rows" Picture="" TargetValue="0" MaximumValue="0" Subtotals="Yes" CanDragToPages="true" OrderType="None" ExpandCollapse="ExpandAllValues" FilterType="ShowAllValues" Style="borderThickness:1" ValuesStyles="[]" /><Actions RaiseItemClick="true" /></Field><Field ispercentage="true" Aggregation="Sum"><Name>Count (WFItemId)</Name><Caption>Count (Process Instance Id)</Caption><GXType>Real</GXType><DataColumn><Caption>Count (Process Instance Id)</Caption><ColumnName>F2</ColumnName></DataColumn><Format Visible="true" Axis="Data" Picture="" TargetValue="0" MaximumValue="0" Subtotals="Yes" CanDragToPages="true" Style="borderThickness:1" ConditionalStyles="[]" /><Actions RaiseItemClick="true" /></Field></Fields><Parameters xmlns="qv"><Parameter><Name>taskGUID</Name><Description /><Type>Character</Type><IsCollection>false</IsCollection><Value /></Parameter><Parameter><Name>active</Name><Description /><Type>Boolean</Type><IsCollection>false</IsCollection><Value>true</Value></Parameter><Parameter><Name>parmFrom</Name><Description>From</Description><Type>DateTime</Type><IsCollection>false</IsCollection><Value>2010-09-01 16:38:00.000</Value></Parameter><Parameter><Name>parmTo</Name><Description>To</Description><Type>DateTime</Type><IsCollection>false</IsCollection><Value>2012-08-16 00:00:00.000</Value></Parameter><Parameter><Name>processGUID</Name><Description /><Type>Character</Type><IsCollection>false</IsCollection><Value /></Parameter></Parameters></Query>
  <Query name="WFTaskDuration" id="7" textForNullValues="" xmlns="qv"><![CDATA[SELECT T1.F1, T1.F1_N, T1.F1_D, T2.F2, COALESCE(T1.F3,T2.F3) AS F3 FROM ((SELECT F3, Avg(iF1) AS F1, Sum(iF1_N) AS F1_N, Count(iF1_D) AS F1_D FROM (SELECT T3.WFTaskName AS F3, T3.WFTaskEstDur AS iF1, T3.WFTaskEstDur AS iF1_N, T3.WFTaskEstDur AS iF1_D FROM ((GXFLOW_SCHEMA.WFWrkItems T1 INNER JOIN GXFLOW_SCHEMA.WFProcess T2 ON T2.WFPrcId = T1.WFPrcId) INNER JOIN GXFLOW_SCHEMA.WFTask T3 ON T3.WFPrcId = T1.WFPrcId AND T3.WFTaskCod = T1.WFTaskCod) WHERE ((rtrim(&taskGUID&) IS NULL) or ( T3.WFTaskUID = &taskGUID&)) AND ((rtrim(&processGUID&) IS NULL) or ( T2.WFPrcUID = &processGUID&)) AND (( T1.WFItemEnd >= &parmFrom&)) AND (( T1.WFItemEnd < &parmTo&)) AND (T3.WFTaskCls = 'N') AND (T1.WFStsCod = 'C') ) GROUP BY F3) T1 FULL JOIN (SELECT F3, CAST(COALESCE( GXC1, 0) / 60 AS NUMERIC(20,10)) AS F2 FROM (SELECT F3, Avg(iGXC1) AS GXC1 FROM (SELECT T3.WFTaskName AS F3, T1.WFItemDur AS iGXC1 FROM ((GXFLOW_SCHEMA.WFWrkItems T1 INNER JOIN GXFLOW_SCHEMA.WFProcess T2 ON T2.WFPrcId = T1.WFPrcId) INNER JOIN GXFLOW_SCHEMA.WFTask T3 ON T3.WFPrcId = T1.WFPrcId AND T3.WFTaskCod = T1.WFTaskCod) WHERE ((rtrim(&taskGUID&) IS NULL) or ( T3.WFTaskUID = &taskGUID&)) AND ((rtrim(&processGUID&) IS NULL) or ( T2.WFPrcUID = &processGUID&)) AND (( T1.WFItemEnd >= &parmFrom&)) AND (( T1.WFItemEnd < &parmTo&)) AND (T3.WFTaskCls = 'N') AND (T1.WFStsCod = 'C') ) GROUP BY F3)) T2 ON (T2.F3 = T1.F3)) ORDER BY F3]]><ConnectionInfo xmlns="qv"><IsDefault>true</IsDefault></ConnectionInfo><Fields xmlns="qv"><Field ispercentage="false" Aggregation="Average" Numerator="F1_N" Denominator="F1_D"><Name>Average (WFTaskEstDur)</Name><Caption>GXWF_ESTIMATED</Caption><GXType>Real</GXType><DataColumn><Caption>GXWF_ESTIMATED</Caption><ColumnName>F1</ColumnName></DataColumn><Format Visible="true" Axis="Data" Picture="ZZZZZZZZZ9" TargetValue="0" MaximumValue="0" Subtotals="Yes" CanDragToPages="true" Style="borderThickness:1" ConditionalStyles="[]" /><Actions RaiseItemClick="true" /></Field><Field IsComponent="true" Aggregation="Sum"><Name>F1_N</Name><Caption>F1_N</Caption><GXType>Integer</GXType><DataColumn><ColumnName>F1_N</ColumnName></DataColumn><Format Axis="Hidden" /><Actions RaiseItemClick="false" /></Field><Field IsComponent="true" Aggregation="Count"><Name>F1_D</Name><Caption>F1_D</Caption><GXType>Integer</GXType><DataColumn><ColumnName>F1_D</ColumnName></DataColumn><Format Axis="Hidden" /><Actions RaiseItemClick="false" /></Field><Field ispercentage="false" Aggregation="Sum"><Name>Average (WFItemDur) / 60</Name><Caption>GXWF_AVERAGE</Caption><GXType>Real</GXType><DataColumn><Caption>GXWF_AVERAGE</Caption><ColumnName>F2</ColumnName></DataColumn><Format Visible="true" Axis="Data" Picture="" TargetValue="0" MaximumValue="0" Subtotals="Yes" CanDragToPages="true" Style="borderThickness:1" ConditionalStyles="[]" /><Actions RaiseItemClick="true" /></Field><Field ispercentage="false"><Name>WFTaskName</Name><Caption>GXWF_ACTIVITY</Caption><GXType>Character</GXType><DataColumn><Caption>GXWF_ACTIVITY</Caption><ColumnName>F3</ColumnName></DataColumn><Format Visible="true" Axis="Rows" Picture="" TargetValue="0" MaximumValue="0" Subtotals="Yes" CanDragToPages="true" OrderType="None" ExpandCollapse="ExpandAllValues" FilterType="ShowAllValues" Style="borderThickness:1" ValuesStyles="[]" /><Actions RaiseItemClick="true" /></Field></Fields><Parameters xmlns="qv"><Parameter><Name>processGUID</Name><Description /><Type>Character</Type><IsCollection>false</IsCollection><Value /></Parameter><Parameter><Name>taskGUID</Name><Description /><Type>Character</Type><IsCollection>false</IsCollection><Value /></Parameter><Parameter><Name>parmFrom</Name><Description>From</Description><Type>DateTime</Type><IsCollection>false</IsCollection><Value>2010-09-02 18:25:00.000</Value></Parameter><Parameter><Name>parmTo</Name><Description>To</Description><Type>DateTime</Type><IsCollection>false</IsCollection><Value>2010-09-02 18:25:00.000</Value></Parameter></Parameters></Query>
  <Query name="WFTaskCreationRanking" id="8" textForNullValues="" xmlns="qv"><![CDATA[SELECT F1, Count(iF2) AS F2 FROM (SELECT T3.WFTaskName AS F1, T1.WFItemId AS iA1, T1.WFItemId AS iF2 FROM ((GXFLOW_SCHEMA.WFWrkItems T1 INNER JOIN GXFLOW_SCHEMA.WFProcess T2 ON T2.WFPrcId = T1.WFPrcId) INNER JOIN GXFLOW_SCHEMA.WFTask T3 ON T3.WFPrcId = T1.WFPrcId AND T3.WFTaskCod = T1.WFTaskCod) WHERE ((rtrim(&processGUID&) IS NULL) or ( T2.WFPrcUID = &processGUID&)) AND (( T1.WFItemInit >= &parmFrom&)) AND (( T1.WFItemInit < &parmTo&)) AND (T3.WFTaskCls = 'N') ) GROUP BY F1 ORDER BY Count(iA1) DESC]]><ConnectionInfo xmlns="qv"><IsDefault>true</IsDefault></ConnectionInfo><Fields xmlns="qv"><Field ispercentage="false"><Name>WFTaskName</Name><Caption>Task</Caption><GXType>Character</GXType><DataColumn><Caption>Task</Caption><ColumnName>F1</ColumnName></DataColumn><Format Visible="true" Axis="Rows" Picture="" TargetValue="0" MaximumValue="0" Subtotals="Yes" CanDragToPages="true" OrderType="None" ExpandCollapse="ExpandAllValues" FilterType="ShowAllValues" Style="borderThickness:1" ValuesStyles="[]" /><Actions RaiseItemClick="true" /></Field><Field ispercentage="false" Aggregation="Count"><Name>Count (WFItemId)</Name><Caption>Ranking</Caption><GXType>Integer</GXType><DataColumn><Caption>Ranking</Caption><ColumnName>F2</ColumnName></DataColumn><Format Visible="true" Axis="Data" Picture="" TargetValue="0" MaximumValue="0" Subtotals="Yes" CanDragToPages="true" Style="borderThickness:1" ConditionalStyles="[]" /><Actions RaiseItemClick="true" /></Field></Fields><Parameters xmlns="qv"><Parameter><Name>parmFrom</Name><Description>From</Description><Type>DateTime</Type><IsCollection>false</IsCollection><Value>2010-09-02 11:43:00.000</Value></Parameter><Parameter><Name>parmTo</Name><Description>To</Description><Type>DateTime</Type><IsCollection>false</IsCollection><Value>2010-09-02 11:43:00.000</Value></Parameter><Parameter><Name>processGUID</Name><Description /><Type>Character</Type><IsCollection>false</IsCollection><Value /></Parameter></Parameters></Query>
  <Query name="WFTaskCountState" id="9" textForNullValues="" xmlns="qv"><![CDATA[SELECT T1.F1, T2.F2, T3.F3, COALESCE(T1.F4,T2.F4,T3.F4) AS F4 FROM (((SELECT F4, Count(iF1) AS F1 FROM (SELECT T3.WFTaskName AS F4, T1.WFItemId AS iF1 FROM ((GXFLOW_SCHEMA.WFWrkItems T1 INNER JOIN GXFLOW_SCHEMA.WFProcess T2 ON T2.WFPrcId = T1.WFPrcId) INNER JOIN GXFLOW_SCHEMA.WFTask T3 ON T3.WFPrcId = T1.WFPrcId AND T3.WFTaskCod = T1.WFTaskCod) WHERE ((rtrim(&taskGUID&) IS NULL) or ( T3.WFTaskUID = &taskGUID&)) AND ((rtrim(&processGUID&) IS NULL) or ( T2.WFPrcUID = &processGUID&)) AND (T3.WFTaskCls = 'N') AND (T1.WFItemWrn = 'N') AND (T1.WFItemDln = 'N') AND (T1.WFItemStsAct = 1) ) GROUP BY F4) T1 FULL JOIN (SELECT F4, Count(iF2) AS F2 FROM (SELECT T3.WFTaskName AS F4, T1.WFItemId AS iF2 FROM ((GXFLOW_SCHEMA.WFWrkItems T1 INNER JOIN GXFLOW_SCHEMA.WFProcess T2 ON T2.WFPrcId = T1.WFPrcId) INNER JOIN GXFLOW_SCHEMA.WFTask T3 ON T3.WFPrcId = T1.WFPrcId AND T3.WFTaskCod = T1.WFTaskCod) WHERE ((rtrim(&taskGUID&) IS NULL) or ( T3.WFTaskUID = &taskGUID&)) AND ((rtrim(&processGUID&) IS NULL) or ( T2.WFPrcUID = &processGUID&)) AND (T3.WFTaskCls = 'N') AND (T1.WFItemWrn = 'Y') AND (T1.WFItemDln = 'N') AND (T1.WFItemStsAct = 1) ) GROUP BY F4) T2 ON (T2.F4 = T1.F4)) FULL JOIN (SELECT F4, Count(iF3) AS F3 FROM (SELECT T3.WFTaskName AS F4, T1.WFItemId AS iF3 FROM ((GXFLOW_SCHEMA.WFWrkItems T1 INNER JOIN GXFLOW_SCHEMA.WFProcess T2 ON T2.WFPrcId = T1.WFPrcId) INNER JOIN GXFLOW_SCHEMA.WFTask T3 ON T3.WFPrcId = T1.WFPrcId AND T3.WFTaskCod = T1.WFTaskCod) WHERE ((rtrim(&taskGUID&) IS NULL) or ( T3.WFTaskUID = &taskGUID&)) AND ((rtrim(&processGUID&) IS NULL) or ( T2.WFPrcUID = &processGUID&)) AND (T3.WFTaskCls = 'N') AND (T1.WFItemDln = 'Y') AND (T1.WFItemStsAct = 1) ) GROUP BY F4) T3 ON (T3.F4 = T2.F4) or (T3.F4 = T1.F4)) ORDER BY COALESCE(T1.F4,T2.F4,T3.F4)]]><ConnectionInfo xmlns="qv"><IsDefault>true</IsDefault></ConnectionInfo><Fields xmlns="qv"><Field ispercentage="false" Aggregation="Count"><Name>Count (WFItemId) where ((WFItemWrn = "N") AND (WFItemDln = "N"))</Name><Caption>On Time</Caption><GXType>Integer</GXType><DataColumn><Caption>On Time</Caption><ColumnName>F1</ColumnName></DataColumn><Format Visible="true" Axis="Data" Picture="" TargetValue="0" MaximumValue="0" Subtotals="Yes" CanDragToPages="true" Style="color:#8BBA00;borderThickness:1" ConditionalStyles="[]" /><Actions RaiseItemClick="true" /></Field><Field ispercentage="false" Aggregation="Count"><Name>Count (WFItemId) where ((WFItemWrn = "Y") AND (WFItemDln = "N"))</Name><Caption>At Risk</Caption><GXType>Integer</GXType><DataColumn><Caption>At Risk</Caption><ColumnName>F2</ColumnName></DataColumn><Format Visible="true" Axis="Data" Picture="" TargetValue="0" MaximumValue="0" Subtotals="Yes" CanDragToPages="true" Style="color:#FFD700;borderThickness:1" ConditionalStyles="[]" /><Actions RaiseItemClick="true" /></Field><Field ispercentage="false" Aggregation="Count"><Name>Count (WFItemId) where (WFItemDln = "Y")</Name><Caption>Delayed</Caption><GXType>Integer</GXType><DataColumn><Caption>Delayed</Caption><ColumnName>F3</ColumnName></DataColumn><Format Visible="true" Axis="Data" Picture="" TargetValue="0" MaximumValue="0" Subtotals="Yes" CanDragToPages="true" Style="color:#DC143C;borderThickness:1" ConditionalStyles="[]" /><Actions RaiseItemClick="true" /></Field><Field ispercentage="false"><Name>WFTaskName</Name><Caption>Activity</Caption><GXType>Character</GXType><DataColumn><Caption>Activity</Caption><ColumnName>F4</ColumnName></DataColumn><Format Visible="true" Axis="Rows" Picture="" TargetValue="0" MaximumValue="0" Subtotals="Yes" CanDragToPages="true" OrderType="None" ExpandCollapse="ExpandAllValues" FilterType="ShowAllValues" Style="borderThickness:1" ValuesStyles="[]" /><Actions RaiseItemClick="true" /></Field></Fields><Parameters xmlns="qv"><Parameter><Name>processGUID</Name><Description /><Type>Character</Type><IsCollection>false</IsCollection><Value /></Parameter><Parameter><Name>taskGUID</Name><Description /><Type>Character</Type><IsCollection>false</IsCollection><Value /></Parameter></Parameters></Query>
  <Query name="WFTaskDeadlines" id="10" textForNullValues="" xmlns="qv"><![CDATA[SELECT F1, Count(iF2) AS F2 FROM (SELECT T1.WFItemDlnTime AS F1, T1.WFItemId AS iF2 FROM ((GXFLOW_SCHEMA.WFWrkItems T1 INNER JOIN GXFLOW_SCHEMA.WFProcess T2 ON T2.WFPrcId = T1.WFPrcId) INNER JOIN GXFLOW_SCHEMA.WFTask T3 ON T3.WFPrcId = T1.WFPrcId AND T3.WFTaskCod = T1.WFTaskCod) WHERE ((rtrim(&taskGUID&) IS NULL) or ( T3.WFTaskUID = &taskGUID&)) AND ((rtrim(&processGUID&) IS NULL) or ( T2.WFPrcUID = &processGUID&)) AND ((&parmTo& = TO_DATE('0001-01-01', 'YYYY-MM-DD')) or ( T1.WFItemDlnTime < &parmTo&)) AND ((&parmFrom& = TO_DATE('0001-01-01', 'YYYY-MM-DD')) or ( T1.WFItemDlnTime >= &parmFrom&)) AND (T1.WFItemStsAct = 1) ) GROUP BY F1]]><ConnectionInfo xmlns="qv"><IsDefault>true</IsDefault></ConnectionInfo><Fields xmlns="qv"><Field ispercentage="false"><Name>WFItemDlnDate</Name><Caption>Date for deadline</Caption><GXType>Date</GXType><Grouping><GroupByYear>false</GroupByYear><GroupBySemester>false</GroupBySemester><GroupByQuarter>false</GroupByQuarter><GroupByMonth>false</GroupByMonth><GroupByDayOfWeek>false</GroupByDayOfWeek><HideValue>false</HideValue></Grouping><DataColumn><Caption>Date for deadline</Caption><ColumnName>F1</ColumnName></DataColumn><Format Visible="true" Axis="Rows" Picture="99/99/99" TargetValue="0" MaximumValue="0" Subtotals="Yes" CanDragToPages="true" OrderType="None" ExpandCollapse="ExpandAllValues" FilterType="ShowAllValues" Style="borderThickness:1" ValuesStyles="[]" /><Actions RaiseItemClick="true" /></Field><Field ispercentage="false" Aggregation="Count"><Name>Count (WFItemId)</Name><Caption>Quantity</Caption><GXType>Integer</GXType><DataColumn><Caption>Quantity</Caption><ColumnName>F2</ColumnName></DataColumn><Format Visible="true" Axis="Data" Picture="" TargetValue="0" MaximumValue="0" Subtotals="Yes" CanDragToPages="true" Style="borderThickness:1" ConditionalStyles="[]" /><Actions RaiseItemClick="true" /></Field></Fields><Parameters xmlns="qv"><Parameter><Name>parmFrom</Name><Description>From</Description><Type>DateTime</Type><IsCollection>false</IsCollection><Value>2010-11-08 00:00:00.000</Value></Parameter><Parameter><Name>parmTo</Name><Description>To</Description><Type>DateTime</Type><IsCollection>false</IsCollection><Value>2012-06-23 00:00:00.000</Value></Parameter><Parameter><Name>processGUID</Name><Description /><Type>Character</Type><IsCollection>false</IsCollection><Value /></Parameter><Parameter><Name>taskGUID</Name><Description /><Type>Character</Type><IsCollection>false</IsCollection><Value /></Parameter></Parameters></Query>
  <Query name="WFUsersPerformance" id="11" textForNullValues="" xmlns="qv"><![CDATA[SELECT F1, Count(iF2) AS F2 FROM (SELECT T3.WFUsrName AS F1, T1.WFItemId AS iF2 FROM (((GXFLOW_SCHEMA.WFWrkItems T1 INNER JOIN GXFLOW_SCHEMA.WFProcess T2 ON T2.WFPrcId = T1.WFPrcId) LEFT JOIN GXFLOW_SCHEMA.WFUsers T3 ON T3.WFUsrCod = T1.WFItemUsrCod) INNER JOIN GXFLOW_SCHEMA.WFTask T4 ON T4.WFPrcId = T1.WFPrcId AND T4.WFTaskCod = T1.WFTaskCod) WHERE ((rtrim(&task&) IS NULL) or ( T4.WFTaskName = &task&)) AND ((rtrim(&processGUID&) IS NULL) or ( T2.WFPrcUID = &processGUID&)) AND ((&parmTo& = TO_DATE('0001-01-01', 'YYYY-MM-DD')) or ( T1.WFItemEnd < &parmTo&)) AND ((&parmFrom& = TO_DATE('0001-01-01', 'YYYY-MM-DD')) or ( T1.WFItemEnd >= &parmFrom&)) AND (T4.WFTaskCls = 'N') AND (T1.WFStsCod = 'C') ) GROUP BY F1 ORDER BY F1]]><ConnectionInfo xmlns="qv"><IsDefault>true</IsDefault></ConnectionInfo><Fields xmlns="qv"><Field ispercentage="false"><Name>WFItemUsrName</Name><Caption>User</Caption><GXType>Character</GXType><DataColumn><Caption>User</Caption><ColumnName>F1</ColumnName></DataColumn><Format Visible="true" Axis="Rows" Picture="" TargetValue="0" MaximumValue="0" Subtotals="Yes" CanDragToPages="true" OrderType="Ascending" ExpandCollapse="ExpandAllValues" FilterType="ShowAllValues" Style="borderThickness:1" ValuesStyles="[]" /><Actions RaiseItemClick="true" /></Field><Field ispercentage="false" Aggregation="Count"><Name>Count (WFItemId)</Name><Caption>Completed Tasks</Caption><GXType>Integer</GXType><DataColumn><Caption>Completed Tasks</Caption><ColumnName>F2</ColumnName></DataColumn><Format Visible="true" Axis="Data" Picture="" TargetValue="0" MaximumValue="0" Subtotals="Yes" CanDragToPages="true" Style="borderThickness:1" ConditionalStyles="[]" /><Actions RaiseItemClick="true" /></Field></Fields><Parameters xmlns="qv"><Parameter><Name>processGUID</Name><Description>Process</Description><Type>Character</Type><IsCollection>false</IsCollection><Value>TicketReservation</Value></Parameter><Parameter><Name>task</Name><Description /><Type>Character</Type><IsCollection>false</IsCollection><Value /></Parameter><Parameter><Name>parmFrom</Name><Description>From</Description><Type>DateTime</Type><IsCollection>false</IsCollection><Value>2010-09-01 00:00:00.000</Value></Parameter><Parameter><Name>parmTo</Name><Description>To</Description><Type>DateTime</Type><IsCollection>false</IsCollection><Value>2010-11-08 00:00:00.000</Value></Parameter></Parameters></Query>
  <Query name="WFUserPerformanceVsTeamAverage" id="12" textForNullValues="" xmlns="qv"><![CDATA[SELECT T1.F1, T2.F2, T2.F2_N, T2.F2_D FROM ((SELECT Count(iF1) AS F1 FROM (SELECT T1.WFItemId AS iF1 FROM ((GXFLOW_SCHEMA.WFWrkItems T1 INNER JOIN GXFLOW_SCHEMA.WFProcess T2 ON T2.WFPrcId = T1.WFPrcId) INNER JOIN GXFLOW_SCHEMA.WFTask T3 ON T3.WFPrcId = T1.WFPrcId AND T3.WFTaskCod = T1.WFTaskCod) WHERE ((rtrim(&taskGUID&) IS NULL) or ( T3.WFTaskUID = &taskGUID&)) AND ((rtrim(&processGUID&) IS NULL) or ( T2.WFPrcUID = &processGUID&)) AND ((&parmTo& = TO_DATE('0001-01-01', 'YYYY-MM-DD')) or ( T1.WFItemEnd < &parmTo&)) AND ((&parmFrom& = TO_DATE('0001-01-01', 'YYYY-MM-DD')) or ( T1.WFItemEnd >= &parmFrom&)) AND (T3.WFTaskCls = 'N') AND (T1.WFItemUsrCod = &parmUser& and T1.WFStsCod = 'C') )) T1 CROSS JOIN (SELECT Avg(iF2) AS F2, Sum(iF2_N) AS F2_N, Count(iF2_D) AS F2_D FROM (SELECT Att249, Count(iiF2) AS iF2, Count(iiF2_N) AS iF2_N, Count(iiF2_D) AS iF2_D FROM (SELECT T1.WFItemUsrCod AS Att249, T1.WFItemId AS iiF2, T1.WFItemId AS iiF2_N, T1.WFItemId AS iiF2_D FROM ((GXFLOW_SCHEMA.WFWrkItems T1 INNER JOIN GXFLOW_SCHEMA.WFProcess T2 ON T2.WFPrcId = T1.WFPrcId) INNER JOIN GXFLOW_SCHEMA.WFTask T3 ON T3.WFPrcId = T1.WFPrcId AND T3.WFTaskCod = T1.WFTaskCod) WHERE ((rtrim(&taskGUID&) IS NULL) or ( T3.WFTaskUID = &taskGUID&)) AND ((rtrim(&processGUID&) IS NULL) or ( T2.WFPrcUID = &processGUID&)) AND ((&parmTo& = TO_DATE('0001-01-01', 'YYYY-MM-DD')) or ( T1.WFItemEnd < &parmTo&)) AND ((&parmFrom& = TO_DATE('0001-01-01', 'YYYY-MM-DD')) or ( T1.WFItemEnd >= &parmFrom&)) AND (T1.WFItemUsrCod <> &parmUser&) AND (T3.WFTaskCls = 'N') AND (T1.WFStsCod = 'C') ) GROUP BY Att249)) T2)]]><ConnectionInfo xmlns="qv"><IsDefault>true</IsDefault></ConnectionInfo><Fields xmlns="qv"><Field ispercentage="false" Aggregation="Count"><Name>Count (WFItemId) where (WFItemUsrCod = &amp;parmUser)</Name><Caption>GXWF_MY_PERFORMANCE</Caption><GXType>Integer</GXType><DataColumn><Caption>GXWF_MY_PERFORMANCE</Caption><ColumnName>F1</ColumnName></DataColumn><Format Visible="true" Axis="Data" Picture="" TargetValue="0" MaximumValue="0" Subtotals="Yes" CanDragToPages="true" Style="borderThickness:1" ConditionalStyles="[]" /><Actions RaiseItemClick="true" /></Field><Field ispercentage="false" Aggregation="Average" Numerator="F2_N" Denominator="F2_D"><Name>Average (Count (WFItemId) where (WFItemUsrCod &lt;&gt; &amp;parmUser)) By (WFItemUsrCod)</Name><Caption>GXWF_TEAM_AVERAGE</Caption><GXType>Real</GXType><DataColumn><Caption>GXWF_TEAM_AVERAGE</Caption><ColumnName>F2</ColumnName></DataColumn><Format Visible="true" Axis="Data" Picture="" TargetValue="0" MaximumValue="0" Subtotals="Yes" CanDragToPages="true" Style="borderThickness:1" ConditionalStyles="[]" /><Actions RaiseItemClick="true" /></Field><Field IsComponent="true" Aggregation="Sum"><Name>F2_N</Name><Caption>F2_N</Caption><GXType>Integer</GXType><DataColumn><ColumnName>F2_N</ColumnName></DataColumn><Format Axis="Hidden" /><Actions RaiseItemClick="false" /></Field><Field IsComponent="true" Aggregation="Count"><Name>F2_D</Name><Caption>F2_D</Caption><GXType>Integer</GXType><DataColumn><ColumnName>F2_D</ColumnName></DataColumn><Format Axis="Hidden" /><Actions RaiseItemClick="false" /></Field></Fields><Parameters xmlns="qv"><Parameter><Name>processGUID</Name><Description>Process</Description><Type>Character</Type><IsCollection>false</IsCollection><Value /></Parameter><Parameter><Name>taskGUID</Name><Description>Task</Description><Type>Character</Type><IsCollection>false</IsCollection><Value /></Parameter><Parameter><Name>parmFrom</Name><Description>From</Description><Type>DateTime</Type><IsCollection>false</IsCollection><Value>2010-09-01 00:00:00.000</Value></Parameter><Parameter><Name>parmTo</Name><Description>To</Description><Type>DateTime</Type><IsCollection>false</IsCollection><Value>2010-11-08 00:00:00.000</Value></Parameter><Parameter><Name>parmUser</Name><Description>User</Description><Type>Character</Type><IsCollection>false</IsCollection><Value>VENDOR1</Value></Parameter></Parameters></Query>
  <Query name="WFUserPerformanceTrend" id="13" textForNullValues="" xmlns="qv"><![CDATA[SELECT T1.F1, T2.F2, T2.F2_N, T2.F2_D, COALESCE(T1.F3,T2.F3) AS F3 FROM ((SELECT F3, Count(iF1) AS F1 FROM (SELECT TO_DATE(EXTRACT(YEAR FROM GXC1)||'-'||EXTRACT(MONTH FROM GXC1)||'-'||EXTRACT(DAY FROM GXC1), 'YYYY-MM-DD') AS F3, iF1 FROM (SELECT T1.WFItemEnd AS GXC1, T1.WFItemId AS iF1 FROM ((GXFLOW_SCHEMA.WFWrkItems T1 INNER JOIN GXFLOW_SCHEMA.WFProcess T2 ON T2.WFPrcId = T1.WFPrcId) INNER JOIN GXFLOW_SCHEMA.WFTask T3 ON T3.WFPrcId = T1.WFPrcId AND T3.WFTaskCod = T1.WFTaskCod) WHERE ((rtrim(&taskGUID&) IS NULL) or ( T3.WFTaskUID = &taskGUID&)) AND ((rtrim(&processGUID&) IS NULL) or ( T2.WFPrcUID = &processGUID&)) AND ((&parmTo& = TO_DATE('0001-01-01', 'YYYY-MM-DD')) or ( T1.WFItemEnd < &parmTo&)) AND ((&parmFrom& = TO_DATE('0001-01-01', 'YYYY-MM-DD')) or ( T1.WFItemEnd >= &parmFrom&)) AND (T3.WFTaskCls = 'N') AND (T1.WFItemUsrCod = &parmUser& and T1.WFStsCod = 'C') )) GROUP BY F3) T1 FULL JOIN (SELECT F3, Avg(iF2) AS F2, Sum(iF2_N) AS F2_N, Count(iF2_D) AS F2_D FROM (SELECT F3, Att249, Count(iiF2) AS iF2, Count(iiF2_N) AS iF2_N, Count(iiF2_D) AS iF2_D FROM (SELECT TO_DATE(EXTRACT(YEAR FROM GXC1)||'-'||EXTRACT(MONTH FROM GXC1)||'-'||EXTRACT(DAY FROM GXC1), 'YYYY-MM-DD') AS F3, Att249, iiF2, iiF2_N, iiF2_D FROM (SELECT T1.WFItemEnd AS GXC1, T1.WFItemUsrCod AS Att249, T1.WFItemId AS iiF2, T1.WFItemId AS iiF2_N, T1.WFItemId AS iiF2_D FROM ((GXFLOW_SCHEMA.WFWrkItems T1 INNER JOIN GXFLOW_SCHEMA.WFProcess T2 ON T2.WFPrcId = T1.WFPrcId) INNER JOIN GXFLOW_SCHEMA.WFTask T3 ON T3.WFPrcId = T1.WFPrcId AND T3.WFTaskCod = T1.WFTaskCod) WHERE ((rtrim(&taskGUID&) IS NULL) or ( T3.WFTaskUID = &taskGUID&)) AND ((rtrim(&processGUID&) IS NULL) or ( T2.WFPrcUID = &processGUID&)) AND ((&parmTo& = TO_DATE('0001-01-01', 'YYYY-MM-DD')) or ( T1.WFItemEnd < &parmTo&)) AND ((&parmFrom& = TO_DATE('0001-01-01', 'YYYY-MM-DD')) or ( T1.WFItemEnd >= &parmFrom&)) AND (T1.WFItemUsrCod <> &parmUser&) AND (T3.WFTaskCls = 'N') AND (T1.WFStsCod = 'C') )) GROUP BY F3, Att249) GROUP BY F3) T2 ON (T2.F3 = T1.F3)) ORDER BY F3]]><ConnectionInfo xmlns="qv"><IsDefault>true</IsDefault></ConnectionInfo><Fields xmlns="qv"><Field ispercentage="false" Aggregation="Count"><Name>Count (WFItemId) where (WFItemUsrCod = &amp;parmUser)</Name><Caption>GXWF_MY_PERFORMANCE</Caption><GXType>Integer</GXType><DataColumn><Caption>GXWF_MY_PERFORMANCE</Caption><ColumnName>F1</ColumnName></DataColumn><Format Visible="true" Axis="Data" Picture="" TargetValue="0" MaximumValue="0" Subtotals="Yes" CanDragToPages="true" Style="borderThickness:1" ConditionalStyles="[]" /><Actions RaiseItemClick="true" /></Field><Field ispercentage="false" Aggregation="Average" Numerator="F2_N" Denominator="F2_D"><Name>Average (Count (WFItemId) where (WFItemUsrCod &lt;&gt; &amp;parmUser)) By (WFItemUsrCod)</Name><Caption>GXWF_TEAM_AVERAGE</Caption><GXType>Real</GXType><DataColumn><Caption>GXWF_TEAM_AVERAGE</Caption><ColumnName>F2</ColumnName></DataColumn><Format Visible="true" Axis="Data" Picture="" TargetValue="0" MaximumValue="0" Subtotals="Yes" CanDragToPages="true" Style="borderThickness:1" ConditionalStyles="[]" /><Actions RaiseItemClick="true" /></Field><Field IsComponent="true" Aggregation="Sum"><Name>F2_N</Name><Caption>F2_N</Caption><GXType>Integer</GXType><DataColumn><ColumnName>F2_N</ColumnName></DataColumn><Format Axis="Hidden" /><Actions RaiseItemClick="false" /></Field><Field IsComponent="true" Aggregation="Count"><Name>F2_D</Name><Caption>F2_D</Caption><GXType>Integer</GXType><DataColumn><ColumnName>F2_D</ColumnName></DataColumn><Format Axis="Hidden" /><Actions RaiseItemClick="false" /></Field><Field ispercentage="false"><Name>YMDtoD(Year(WFItemEnd),Month(WFItemEnd),Day(WFItemEnd))</Name><Caption>Date</Caption><GXType>Date</GXType><Grouping><GroupByYear>false</GroupByYear><GroupBySemester>false</GroupBySemester><GroupByQuarter>false</GroupByQuarter><GroupByMonth>false</GroupByMonth><GroupByDayOfWeek>false</GroupByDayOfWeek><HideValue>false</HideValue></Grouping><DataColumn><Caption>Date</Caption><ColumnName>F3</ColumnName></DataColumn><Format Visible="true" Axis="Rows" Picture="99/99/9999" TargetValue="0" MaximumValue="0" Subtotals="Yes" CanDragToPages="true" OrderType="None" ExpandCollapse="ExpandAllValues" FilterType="ShowAllValues" Style="borderThickness:1" ValuesStyles="[]" /><Actions RaiseItemClick="true" /></Field></Fields><Parameters xmlns="qv"><Parameter><Name>processGUID</Name><Description>Process</Description><Type>Character</Type><IsCollection>false</IsCollection><Value /></Parameter><Parameter><Name>taskGUID</Name><Description>Task</Description><Type>Character</Type><IsCollection>false</IsCollection><Value /></Parameter><Parameter><Name>role</Name><Description>Role</Description><Type>Integer</Type><IsCollection>false</IsCollection><Value>0</Value></Parameter><Parameter><Name>parmFrom</Name><Description>From</Description><Type>DateTime</Type><IsCollection>false</IsCollection><Value>2015-01-01 00:00:00.000</Value></Parameter><Parameter><Name>parmTo</Name><Description>To</Description><Type>DateTime</Type><IsCollection>false</IsCollection><Value>2016-01-01 00:00:00.000</Value></Parameter><Parameter><Name>parmUser</Name><Description>User</Description><Type>Character</Type><IsCollection>false</IsCollection><Value>GFERNANDEZ</Value></Parameter></Parameters></Query>
  <Query name="WFProcessDurationMinMax" id="14" textForNullValues="" xmlns="qv"><![CDATA[SELECT T1.F1, T1.F1_N, T1.F1_D, T2.F2, T2.F3, T2.F4, COALESCE(T1.F5,T2.F5) AS F5 FROM ((SELECT F5, Avg(iF1) AS F1, Sum(iF1_N) AS F1_N, Count(iF1_D) AS F1_D FROM (SELECT T2.WFPrcDsc AS F5, T2.WFPrcEstDur AS iF1, T2.WFPrcEstDur AS iF1_N, T2.WFPrcEstDur AS iF1_D FROM (GXFLOW_SCHEMA.WFInstPrc T1 INNER JOIN GXFLOW_SCHEMA.WFProcess T2 ON T2.WFPrcId = T1.WFPrcId) WHERE ((&parmTo& = TO_DATE('0001-01-01', 'YYYY-MM-DD')) or ( T1.WFInsPrcEnd < &parmTo&)) AND ((&parmFrom& = TO_DATE('0001-01-01', 'YYYY-MM-DD')) or ( T1.WFInsPrcEnd >= &parmFrom&)) AND ((rtrim(&processGUID&) IS NULL) or ( T2.WFPrcUID = &processGUID&)) AND (T1.WFInsPrcSta = 'C') ) GROUP BY F5) T1 FULL JOIN (SELECT F5, CAST(COALESCE( GXC1, 0) / 60 AS NUMERIC(20,10)) AS F2, CAST(COALESCE( GXC2, 0) / 60 AS NUMERIC(20,10)) AS F3, CAST(COALESCE( GXC3, 0) / 60 AS NUMERIC(20,10)) AS F4 FROM (SELECT F5, Min(iGXC1) AS GXC1, Avg(iGXC2) AS GXC2, Max(iGXC3) AS GXC3 FROM (SELECT T2.WFPrcDsc AS F5, T1.WFInsPrcDur AS iGXC1, T1.WFInsPrcDur AS iGXC2, T1.WFInsPrcDur AS iGXC3 FROM (GXFLOW_SCHEMA.WFInstPrc T1 INNER JOIN GXFLOW_SCHEMA.WFProcess T2 ON T2.WFPrcId = T1.WFPrcId) WHERE ((&parmTo& = TO_DATE('0001-01-01', 'YYYY-MM-DD')) or ( T1.WFInsPrcEnd < &parmTo&)) AND ((&parmFrom& = TO_DATE('0001-01-01', 'YYYY-MM-DD')) or ( T1.WFInsPrcEnd >= &parmFrom&)) AND ((rtrim(&processGUID&) IS NULL) or ( T2.WFPrcUID = &processGUID&)) AND (T1.WFInsPrcSta = 'C') ) GROUP BY F5)) T2 ON (T2.F5 = T1.F5)) ORDER BY F5]]><ConnectionInfo xmlns="qv"><IsDefault>true</IsDefault></ConnectionInfo><Fields xmlns="qv"><Field ispercentage="false" Aggregation="Average" Numerator="F1_N" Denominator="F1_D"><Name>Average (WFPrcEstDur)</Name><Caption>GXWF_ESTIMATED</Caption><GXType>Real</GXType><DataColumn><Caption>GXWF_ESTIMATED</Caption><ColumnName>F1</ColumnName></DataColumn><Format Visible="true" Axis="Data" Picture="ZZZZZZZZZ9" TargetValue="0" MaximumValue="0" Subtotals="Yes" CanDragToPages="true" Style="borderThickness:1" ConditionalStyles="[]" /><Actions RaiseItemClick="true" /></Field><Field IsComponent="true" Aggregation="Sum"><Name>F1_N</Name><Caption>F1_N</Caption><GXType>Integer</GXType><DataColumn><ColumnName>F1_N</ColumnName></DataColumn><Format Axis="Hidden" /><Actions RaiseItemClick="false" /></Field><Field IsComponent="true" Aggregation="Count"><Name>F1_D</Name><Caption>F1_D</Caption><GXType>Integer</GXType><DataColumn><ColumnName>F1_D</ColumnName></DataColumn><Format Axis="Hidden" /><Actions RaiseItemClick="false" /></Field><Field ispercentage="false" Aggregation="Sum"><Name>Min(WFInsPrcDur) / 60</Name><Caption>GXWF_MINIMUM_DURATION</Caption><GXType>Real</GXType><DataColumn><Caption>GXWF_MINIMUM_DURATION</Caption><ColumnName>F2</ColumnName></DataColumn><Format Visible="true" Axis="Data" Picture="" TargetValue="0" MaximumValue="0" Subtotals="Yes" CanDragToPages="true" Style="borderThickness:1" ConditionalStyles="[]" /><Actions RaiseItemClick="true" /></Field><Field ispercentage="false" Aggregation="Sum"><Name>Average (WFInsPrcDur) / 60</Name><Caption>GXWF_AVERAGE</Caption><GXType>Real</GXType><DataColumn><Caption>GXWF_AVERAGE</Caption><ColumnName>F3</ColumnName></DataColumn><Format Visible="true" Axis="Data" Picture="" TargetValue="0" MaximumValue="0" Subtotals="Yes" CanDragToPages="true" Style="borderThickness:1" ConditionalStyles="[]" /><Actions RaiseItemClick="true" /></Field><Field ispercentage="false" Aggregation="Sum"><Name>Max(WFInsPrcDur) / 60</Name><Caption>GXWF_MAXIMUM_DURATION</Caption><GXType>Real</GXType><DataColumn><Caption>GXWF_MAXIMUM_DURATION</Caption><ColumnName>F4</ColumnName></DataColumn><Format Visible="true" Axis="Data" Picture="" TargetValue="0" MaximumValue="0" Subtotals="Yes" CanDragToPages="true" Style="borderThickness:1" ConditionalStyles="[]" /><Actions RaiseItemClick="true" /></Field><Field ispercentage="false"><Name>WFPrcDsc</Name><Caption>GXWF_PROCESS</Caption><GXType>Character</GXType><DataColumn><Caption>GXWF_PROCESS</Caption><ColumnName>F5</ColumnName></DataColumn><Format Visible="true" Axis="Rows" Picture="" TargetValue="0" MaximumValue="0" Subtotals="Yes" CanDragToPages="true" OrderType="None" ExpandCollapse="ExpandAllValues" FilterType="ShowAllValues" Style="borderThickness:1" ValuesStyles="[]" /><Actions RaiseItemClick="true" /></Field></Fields><Parameters xmlns="qv"><Parameter><Name>unit</Name><Description /><Type>Integer</Type><IsCollection>false</IsCollection><Value>60</Value></Parameter><Parameter><Name>processGUID</Name><Description /><Type>Character</Type><IsCollection>false</IsCollection><Value /></Parameter><Parameter><Name>parmFrom</Name><Description>From</Description><Type>DateTime</Type><IsCollection>false</IsCollection><Value>2010-09-01 16:53:00.000</Value></Parameter><Parameter><Name>parmTo</Name><Description>To</Description><Type>DateTime</Type><IsCollection>false</IsCollection><Value>2010-09-01 16:53:00.000</Value></Parameter></Parameters></Query>
  <Query name="WFTaskDurationMinMax" id="15" textForNullValues="" xmlns="qv"><![CDATA[SELECT T1.F1, T1.F1_N, T1.F1_D, T2.F2, T2.F3, T2.F4, COALESCE(T1.F5,T2.F5) AS F5 FROM ((SELECT F5, Avg(iF1) AS F1, Sum(iF1_N) AS F1_N, Count(iF1_D) AS F1_D FROM (SELECT T3.WFTaskName AS F5, T3.WFTaskEstDur AS iF1, T3.WFTaskEstDur AS iF1_N, T3.WFTaskEstDur AS iF1_D FROM ((GXFLOW_SCHEMA.WFWrkItems T1 INNER JOIN GXFLOW_SCHEMA.WFInstPrc T2 ON T2.WFInsPrcId = T1.WFInsPrcId) INNER JOIN GXFLOW_SCHEMA.WFTask T3 ON T3.WFPrcId = T1.WFPrcId AND T3.WFTaskCod = T1.WFTaskCod) WHERE ((rtrim(&taskName&) IS NULL) or ( T3.WFTaskName = &taskName&)) AND ((rtrim(&processName&) IS NULL) or ( T2.WFPrcName = &processName&)) AND (( T1.WFItemEnd >= &from&)) AND (( T1.WFItemEnd < &to&)) AND (T3.WFTaskCls = 'N') AND (T1.WFStsCod = 'C') ) GROUP BY F5) T1 FULL JOIN (SELECT F5, CAST(COALESCE( GXC1, 0) / 60 AS NUMERIC(20,10)) AS F2, CAST(COALESCE( GXC2, 0) / 60 AS NUMERIC(20,10)) AS F3, CAST(COALESCE( GXC3, 0) / 60 AS NUMERIC(20,10)) AS F4 FROM (SELECT F5, Min(iGXC1) AS GXC1, Avg(iGXC2) AS GXC2, Max(iGXC3) AS GXC3 FROM (SELECT T3.WFTaskName AS F5, T1.WFItemDur AS iGXC1, T1.WFItemDur AS iGXC2, T1.WFItemDur AS iGXC3 FROM ((GXFLOW_SCHEMA.WFWrkItems T1 INNER JOIN GXFLOW_SCHEMA.WFInstPrc T2 ON T2.WFInsPrcId = T1.WFInsPrcId) INNER JOIN GXFLOW_SCHEMA.WFTask T3 ON T3.WFPrcId = T1.WFPrcId AND T3.WFTaskCod = T1.WFTaskCod) WHERE ((rtrim(&taskName&) IS NULL) or ( T3.WFTaskName = &taskName&)) AND ((rtrim(&processName&) IS NULL) or ( T2.WFPrcName = &processName&)) AND (( T1.WFItemEnd >= &from&)) AND (( T1.WFItemEnd < &to&)) AND (T3.WFTaskCls = 'N') AND (T1.WFStsCod = 'C') ) GROUP BY F5)) T2 ON (T2.F5 = T1.F5)) ORDER BY F5]]><ConnectionInfo xmlns="qv"><IsDefault>true</IsDefault></ConnectionInfo><Fields xmlns="qv"><Field ispercentage="false" Aggregation="Average" Numerator="F1_N" Denominator="F1_D"><Name>Average (WFTaskEstDur)</Name><Caption>GXWF_ESTIMATED</Caption><GXType>Real</GXType><DataColumn><Caption>GXWF_ESTIMATED</Caption><ColumnName>F1</ColumnName></DataColumn><Format Visible="true" Axis="Data" Picture="ZZZZZZZZZ9" TargetValue="0" MaximumValue="0" Subtotals="Yes" CanDragToPages="true" Style="borderThickness:1" ConditionalStyles="[]" /><Actions RaiseItemClick="true" /></Field><Field IsComponent="true" Aggregation="Sum"><Name>F1_N</Name><Caption>F1_N</Caption><GXType>Integer</GXType><DataColumn><ColumnName>F1_N</ColumnName></DataColumn><Format Axis="Hidden" /><Actions RaiseItemClick="false" /></Field><Field IsComponent="true" Aggregation="Count"><Name>F1_D</Name><Caption>F1_D</Caption><GXType>Integer</GXType><DataColumn><ColumnName>F1_D</ColumnName></DataColumn><Format Axis="Hidden" /><Actions RaiseItemClick="false" /></Field><Field ispercentage="false" Aggregation="Sum"><Name>Min(WFItemDur) / 60</Name><Caption>GXWF_MINIMUM_DURATION</Caption><GXType>Real</GXType><DataColumn><Caption>GXWF_MINIMUM_DURATION</Caption><ColumnName>F2</ColumnName></DataColumn><Format Visible="true" Axis="Data" Picture="" TargetValue="0" MaximumValue="0" Subtotals="Yes" CanDragToPages="true" Style="borderThickness:1" ConditionalStyles="[]" /><Actions RaiseItemClick="true" /></Field><Field ispercentage="false" Aggregation="Sum"><Name>Average (WFItemDur) / 60</Name><Caption>GXWF_AVERAGE</Caption><GXType>Real</GXType><DataColumn><Caption>GXWF_AVERAGE</Caption><ColumnName>F3</ColumnName></DataColumn><Format Visible="true" Axis="Data" Picture="" TargetValue="0" MaximumValue="0" Subtotals="Yes" CanDragToPages="true" Style="borderThickness:1" ConditionalStyles="[]" /><Actions RaiseItemClick="true" /></Field><Field ispercentage="false" Aggregation="Sum"><Name>Max(WFItemDur) / 60</Name><Caption>GXWF_MAXIMUM_DURATION</Caption><GXType>Real</GXType><DataColumn><Caption>GXWF_MAXIMUM_DURATION</Caption><ColumnName>F4</ColumnName></DataColumn><Format Visible="true" Axis="Data" Picture="" TargetValue="0" MaximumValue="0" Subtotals="Yes" CanDragToPages="true" Style="borderThickness:1" ConditionalStyles="[]" /><Actions RaiseItemClick="true" /></Field><Field ispercentage="false"><Name>WFTaskName</Name><Caption>GXWF_ACTIVITY</Caption><GXType>Character</GXType><DataColumn><Caption>GXWF_ACTIVITY</Caption><ColumnName>F5</ColumnName></DataColumn><Format Visible="true" Axis="Rows" Picture="" TargetValue="0" MaximumValue="0" Subtotals="Yes" CanDragToPages="true" OrderType="Ascending" ExpandCollapse="ExpandAllValues" FilterType="ShowAllValues" Style="borderThickness:1" ValuesStyles="[]" /><Actions RaiseItemClick="true" /></Field></Fields><Parameters xmlns="qv"><Parameter><Name>from</Name><Description /><Type>DateTime</Type><IsCollection>false</IsCollection><Value>2010-09-02 18:33:00.000</Value></Parameter><Parameter><Name>to</Name><Description /><Type>DateTime</Type><IsCollection>false</IsCollection><Value>2010-09-02 18:33:00.000</Value></Parameter><Parameter><Name>processName</Name><Description /><Type>Character</Type><IsCollection>false</IsCollection><Value /></Parameter><Parameter><Name>taskName</Name><Description /><Type>Character</Type><IsCollection>false</IsCollection><Value /></Parameter></Parameters></Query>
  <Query name="WFUsersPerformanceTrend" id="16" textForNullValues="" xmlns="qv"><![CDATA[SELECT F1_E, Count(iF1) AS F1, F2 FROM (SELECT TO_DATE(EXTRACT(YEAR FROM GXC1)||'-'||EXTRACT(MONTH FROM GXC1)||'-'||EXTRACT(DAY FROM GXC1), 'YYYY-MM-DD') AS F2, A1, F1_E, iF1 FROM (SELECT T1.WFItemEnd AS GXC1, T3.WFUsrName AS A1, T1.WFItemUsrCod AS F1_E, T1.WFItemId AS iF1 FROM (((GXFLOW_SCHEMA.WFWrkItems T1 INNER JOIN GXFLOW_SCHEMA.WFProcess T2 ON T2.WFPrcId = T1.WFPrcId) LEFT JOIN GXFLOW_SCHEMA.WFUsers T3 ON T3.WFUsrCod = T1.WFItemUsrCod) INNER JOIN GXFLOW_SCHEMA.WFTask T4 ON T4.WFPrcId = T1.WFPrcId AND T4.WFTaskCod = T1.WFTaskCod) WHERE ((rtrim(&task&) IS NULL) or ( T4.WFTaskName = &task&)) AND ((rtrim(&processGUID&) IS NULL) or ( T2.WFPrcUID = &processGUID&)) AND ((&parmTo& = TO_DATE('0001-01-01', 'YYYY-MM-DD')) or ( T1.WFItemEnd < &parmTo&)) AND ((&parmFrom& = TO_DATE('0001-01-01', 'YYYY-MM-DD')) or ( T1.WFItemEnd >= &parmFrom&)) AND (T4.WFTaskCls = 'N') AND (T1.WFStsCod = 'C') )) GROUP BY F2, F1_E, A1 ORDER BY A1]]><ConnectionInfo xmlns="qv"><IsDefault>true</IsDefault></ConnectionInfo><Fields xmlns="qv"><Field IsComponent="true"><Name>F1_E</Name><Caption>F1_E</Caption><GXType>Character</GXType><DataColumn><ColumnName>F1_E</ColumnName></DataColumn><Format Axis="Hidden" /><Actions RaiseItemClick="false" /></Field><Field ispercentage="false" Aggregation="Count" ForEach="F1_E"><Name>Count(WFItemId) for each WFItemUsrCod</Name><Caption>Completed Tasks</Caption><GXType>Integer</GXType><DataColumn><Caption>Completed Tasks</Caption><ColumnName>F1</ColumnName></DataColumn><Format Visible="true" Axis="Data" Picture="" TargetValue="0" MaximumValue="0" Subtotals="Yes" CanDragToPages="true" Style="borderThickness:1" ConditionalStyles="[]" /><Actions RaiseItemClick="true" /></Field><Field ispercentage="false"><Name>YMDtoD(Year(WFItemEnd),Month(WFItemEnd),Day(WFItemEnd))</Name><Caption>Date</Caption><GXType>Date</GXType><Grouping><GroupByYear>false</GroupByYear><GroupBySemester>false</GroupBySemester><GroupByQuarter>false</GroupByQuarter><GroupByMonth>false</GroupByMonth><GroupByDayOfWeek>false</GroupByDayOfWeek><HideValue>false</HideValue></Grouping><DataColumn><Caption>Date</Caption><ColumnName>F2</ColumnName></DataColumn><Format Visible="true" Axis="Rows" Picture="99/99/9999" TargetValue="0" MaximumValue="0" Subtotals="Yes" CanDragToPages="true" OrderType="None" ExpandCollapse="ExpandAllValues" FilterType="ShowAllValues" Style="borderThickness:1" ValuesStyles="[]" /><Actions RaiseItemClick="true" /></Field></Fields><Parameters xmlns="qv"><Parameter><Name>processGUID</Name><Description>Process</Description><Type>Character</Type><IsCollection>false</IsCollection><Value>TicketReservation</Value></Parameter><Parameter><Name>task</Name><Description>Task</Description><Type>Character</Type><IsCollection>false</IsCollection><Value /></Parameter><Parameter><Name>parmFrom</Name><Description>From</Description><Type>DateTime</Type><IsCollection>false</IsCollection><Value>2016-09-05 00:00:00.000</Value></Parameter><Parameter><Name>parmTo</Name><Description>To</Description><Type>DateTime</Type><IsCollection>false</IsCollection><Value>2016-09-05 00:00:00.000</Value></Parameter></Parameters></Query>
  <Query name="WFUsersPerformanceTrendByRole" id="17" textForNullValues="" xmlns="qv"><![CDATA[SELECT F1_E, Count(iF1) AS F1, F2 FROM (SELECT TO_DATE(EXTRACT(YEAR FROM GXC1)||'-'||EXTRACT(MONTH FROM GXC1)||'-'||EXTRACT(DAY FROM GXC1), 'YYYY-MM-DD') AS F2, A1, F1_E, iF1 FROM (SELECT T1.WFItemEnd AS GXC1, T3.WFUsrName AS A1, T1.WFItemUsrCod AS F1_E, T1.WFItemId AS iF1 FROM ((((GXFLOW_SCHEMA.WFWrkItems T1 INNER JOIN GXFLOW_SCHEMA.WFProcess T2 ON T2.WFPrcId = T1.WFPrcId) LEFT JOIN GXFLOW_SCHEMA.WFUsers T3 ON T3.WFUsrCod = T1.WFItemUsrCod) INNER JOIN GXFLOW_SCHEMA.WFTask T4 ON T4.WFPrcId = T1.WFPrcId AND T4.WFTaskCod = T1.WFTaskCod) INNER JOIN GXFLOW_SCHEMA.WFRoles1 T5 ON T5.WFRolCod = &role& AND T5.WFUsrCod = T1.WFItemUsrCod) WHERE ((rtrim(&task&) IS NULL) or ( T4.WFTaskName = &task&)) AND ((rtrim(&processGUID&) IS NULL) or ( T2.WFPrcUID = &processGUID&)) AND ((&parmTo& = TO_DATE('0001-01-01', 'YYYY-MM-DD')) or ( T1.WFItemEnd < &parmTo&)) AND ((&parmFrom& = TO_DATE('0001-01-01', 'YYYY-MM-DD')) or ( T1.WFItemEnd >= &parmFrom&)) AND (T4.WFTaskCls = 'N') AND (T1.WFStsCod = 'C') )) GROUP BY F2, F1_E, A1 ORDER BY A1]]><ConnectionInfo xmlns="qv"><IsDefault>true</IsDefault></ConnectionInfo><Fields xmlns="qv"><Field IsComponent="true"><Name>F1_E</Name><Caption>F1_E</Caption><GXType>Character</GXType><DataColumn><ColumnName>F1_E</ColumnName></DataColumn><Format Axis="Hidden" /><Actions RaiseItemClick="false" /></Field><Field ispercentage="false" Aggregation="Count" ForEach="F1_E"><Name>Count(WFItemId) for each WFItemUsrCod</Name><Caption>Completed Tasks</Caption><GXType>Integer</GXType><DataColumn><Caption>Completed Tasks</Caption><ColumnName>F1</ColumnName></DataColumn><Format Visible="true" Axis="Data" Picture="" TargetValue="0" MaximumValue="0" Subtotals="Yes" CanDragToPages="true" Style="borderThickness:1" ConditionalStyles="[]" /><Actions RaiseItemClick="true" /></Field><Field ispercentage="false"><Name>YMDtoD(Year(WFItemEnd),Month(WFItemEnd),Day(WFItemEnd))</Name><Caption>Date</Caption><GXType>Date</GXType><Grouping><GroupByYear>false</GroupByYear><GroupBySemester>false</GroupBySemester><GroupByQuarter>false</GroupByQuarter><GroupByMonth>false</GroupByMonth><GroupByDayOfWeek>false</GroupByDayOfWeek><HideValue>false</HideValue></Grouping><DataColumn><Caption>Date</Caption><ColumnName>F2</ColumnName></DataColumn><Format Visible="true" Axis="Rows" Picture="99/99/9999" TargetValue="0" MaximumValue="0" Subtotals="Yes" CanDragToPages="true" OrderType="None" ExpandCollapse="ExpandAllValues" FilterType="ShowAllValues" Style="borderThickness:1" ValuesStyles="[]" /><Actions RaiseItemClick="true" /></Field></Fields><Parameters xmlns="qv"><Parameter><Name>processGUID</Name><Description>Process</Description><Type>Character</Type><IsCollection>false</IsCollection><Value>TicketReservation</Value></Parameter><Parameter><Name>task</Name><Description>Task</Description><Type>Character</Type><IsCollection>false</IsCollection><Value /></Parameter><Parameter><Name>role</Name><Description>Role</Description><Type>Integer</Type><IsCollection>false</IsCollection><Value>0</Value></Parameter><Parameter><Name>parmFrom</Name><Description>From</Description><Type>DateTime</Type><IsCollection>false</IsCollection><Value>2016-09-05 00:00:00.000</Value></Parameter><Parameter><Name>parmTo</Name><Description>To</Description><Type>DateTime</Type><IsCollection>false</IsCollection><Value>2016-09-05 00:00:00.000</Value></Parameter></Parameters></Query>
  <Query name="WFUsersPerformanceByRole" id="18" textForNullValues="" xmlns="qv"><![CDATA[SELECT F1, Count(iF2) AS F2 FROM (SELECT T3.WFUsrName AS F1, T1.WFItemId AS iF2 FROM ((((GXFLOW_SCHEMA.WFWrkItems T1 INNER JOIN GXFLOW_SCHEMA.WFProcess T2 ON T2.WFPrcId = T1.WFPrcId) LEFT JOIN GXFLOW_SCHEMA.WFUsers T3 ON T3.WFUsrCod = T1.WFItemUsrCod) INNER JOIN GXFLOW_SCHEMA.WFTask T4 ON T4.WFPrcId = T1.WFPrcId AND T4.WFTaskCod = T1.WFTaskCod) INNER JOIN GXFLOW_SCHEMA.WFRoles1 T5 ON T5.WFRolCod = &role& AND T5.WFUsrCod = T1.WFItemUsrCod) WHERE ((rtrim(&task&) IS NULL) or ( T4.WFTaskName = &task&)) AND ((rtrim(&processGUID&) IS NULL) or ( T2.WFPrcUID = &processGUID&)) AND ((&parmTo& = TO_DATE('0001-01-01', 'YYYY-MM-DD')) or ( T1.WFItemEnd < &parmTo&)) AND ((&parmFrom& = TO_DATE('0001-01-01', 'YYYY-MM-DD')) or ( T1.WFItemEnd >= &parmFrom&)) AND (T4.WFTaskCls = 'N') AND (T1.WFStsCod = 'C') ) GROUP BY F1 ORDER BY F1]]><ConnectionInfo xmlns="qv"><IsDefault>true</IsDefault></ConnectionInfo><Fields xmlns="qv"><Field ispercentage="false"><Name>WFItemUsrName</Name><Caption>User</Caption><GXType>Character</GXType><DataColumn><Caption>User</Caption><ColumnName>F1</ColumnName></DataColumn><Format Visible="true" Axis="Rows" Picture="" TargetValue="0" MaximumValue="0" Subtotals="Yes" CanDragToPages="true" OrderType="Ascending" ExpandCollapse="ExpandAllValues" FilterType="ShowAllValues" Style="borderThickness:1" ValuesStyles="[]" /><Actions RaiseItemClick="true" /></Field><Field ispercentage="false" Aggregation="Count"><Name>Count (WFItemId)</Name><Caption>Completed Tasks</Caption><GXType>Integer</GXType><DataColumn><Caption>Completed Tasks</Caption><ColumnName>F2</ColumnName></DataColumn><Format Visible="true" Axis="Data" Picture="" TargetValue="0" MaximumValue="0" Subtotals="Yes" CanDragToPages="true" Style="borderThickness:1" ConditionalStyles="[]" /><Actions RaiseItemClick="true" /></Field></Fields><Parameters xmlns="qv"><Parameter><Name>processGUID</Name><Description>Process</Description><Type>Character</Type><IsCollection>false</IsCollection><Value>TicketReservation</Value></Parameter><Parameter><Name>task</Name><Description /><Type>Character</Type><IsCollection>false</IsCollection><Value /></Parameter><Parameter><Name>role</Name><Description>Role</Description><Type>Integer</Type><IsCollection>false</IsCollection><Value>0</Value></Parameter><Parameter><Name>parmFrom</Name><Description>From</Description><Type>DateTime</Type><IsCollection>false</IsCollection><Value>2017-03-09 00:00:00.000</Value></Parameter><Parameter><Name>parmTo</Name><Description>To</Description><Type>DateTime</Type><IsCollection>false</IsCollection><Value>2017-03-09 00:00:00.000</Value></Parameter></Parameters></Query>
</Queries>