﻿<?xml version="1.0" encoding="utf-8"?>
<CallableObject guid="540426eb-3b11-485d-b545-748a160bbcd3" name="WFBOMenusColumnModel" description="BackOffice Menus Column Model" namespace="GXflow.Programs">
  <Signature name="parm">
    <Parameter name="ReturnValue" accessor="out">
      <Field name="gxuiGridColumnModel" description="gxui Grid Column Model">
        <Fields>
          <Field name="DefaultSortable" description="Default Sortable">
            <Properties>
              <Property>
                <Name>Type</Name>
                <Value>Boolean</Value>
              </Property>
            </Properties>
          </Field>
          <Field name="DefaultWidth" description="Default Width">
            <Properties>
              <Property>
                <Name>Type</Name>
                <Value>Numeric</Value>
              </Property>
              <Property>
                <Name>Length</Name>
                <Value>4</Value>
              </Property>
              <Property>
                <Name>Picture</Name>
                <Value>ZZZ9</Value>
              </Property>
            </Properties>
          </Field>
          <Field name="Columns" description="Columns" collection="true">
            <Fields>
              <Field name="id" description="id">
                <Properties>
                  <Property>
                    <Name>Type</Name>
                    <Value>Character</Value>
                  </Property>
                  <Property>
                    <Name>Length</Name>
                    <Value>20</Value>
                  </Property>
                </Properties>
              </Field>
              <Field name="header" description="header">
                <Properties>
                  <Property>
                    <Name>Type</Name>
                    <Value>Character</Value>
                  </Property>
                  <Property>
                    <Name>Length</Name>
                    <Value>200</Value>
                  </Property>
                </Properties>
              </Field>
              <Field name="dataIndex" description="data Index">
                <Properties>
                  <Property>
                    <Name>Type</Name>
                    <Value>Character</Value>
                  </Property>
                  <Property>
                    <Name>Length</Name>
                    <Value>200</Value>
                  </Property>
                </Properties>
              </Field>
              <Field name="dataType" description="data Type">
                <Properties>
                  <Property>
                    <Name>Type</Name>
                    <Value>Character</Value>
                  </Property>
                  <Property>
                    <Name>Length</Name>
                    <Value>20</Value>
                  </Property>
                </Properties>
              </Field>
              <Field name="width" description="width">
                <Properties>
                  <Property>
                    <Name>Type</Name>
                    <Value>Numeric</Value>
                  </Property>
                  <Property>
                    <Name>Length</Name>
                    <Value>4</Value>
                  </Property>
                  <Property>
                    <Name>Picture</Name>
                    <Value>ZZZ9</Value>
                  </Property>
                </Properties>
              </Field>
              <Field name="hidden" description="hidden">
                <Properties>
                  <Property>
                    <Name>Type</Name>
                    <Value>Character</Value>
                  </Property>
                  <Property>
                    <Name>Length</Name>
                    <Value>10</Value>
                  </Property>
                </Properties>
              </Field>
              <Field name="resizable" description="resizable">
                <Properties>
                  <Property>
                    <Name>Type</Name>
                    <Value>Character</Value>
                  </Property>
                  <Property>
                    <Name>Length</Name>
                    <Value>10</Value>
                  </Property>
                </Properties>
              </Field>
              <Field name="fixed" description="fixed">
                <Properties>
                  <Property>
                    <Name>Type</Name>
                    <Value>Character</Value>
                  </Property>
                  <Property>
                    <Name>Length</Name>
                    <Value>10</Value>
                  </Property>
                </Properties>
              </Field>
              <Field name="sortable" description="sortable">
                <Properties>
                  <Property>
                    <Name>Type</Name>
                    <Value>Character</Value>
                  </Property>
                  <Property>
                    <Name>Length</Name>
                    <Value>10</Value>
                  </Property>
                </Properties>
              </Field>
              <Field name="hideable" description="hideable">
                <Properties>
                  <Property>
                    <Name>Type</Name>
                    <Value>Character</Value>
                  </Property>
                  <Property>
                    <Name>Length</Name>
                    <Value>10</Value>
                  </Property>
                </Properties>
              </Field>
              <Field name="align" description="align">
                <Properties>
                  <Property>
                    <Name>Type</Name>
                    <Value>Character</Value>
                  </Property>
                  <Property>
                    <Name>Length</Name>
                    <Value>20</Value>
                  </Property>
                </Properties>
              </Field>
              <Field name="renderer" description="renderer">
                <Properties>
                  <Property>
                    <Name>Type</Name>
                    <Value>Character</Value>
                  </Property>
                  <Property>
                    <Name>Length</Name>
                    <Value>500</Value>
                  </Property>
                </Properties>
              </Field>
              <Field name="dateFormat" description="date Format">
                <Properties>
                  <Property>
                    <Name>Type</Name>
                    <Value>Character</Value>
                  </Property>
                  <Property>
                    <Name>Length</Name>
                    <Value>20</Value>
                  </Property>
                </Properties>
              </Field>
              <Field name="css" description="css">
                <Properties>
                  <Property>
                    <Name>Type</Name>
                    <Value>Character</Value>
                  </Property>
                  <Property>
                    <Name>Length</Name>
                    <Value>200</Value>
                  </Property>
                </Properties>
              </Field>
              <Field name="filter" description="filter">
                <Properties>
                  <Property>
                    <Name>Type</Name>
                    <Value>Character</Value>
                  </Property>
                  <Property>
                    <Name>Length</Name>
                    <Value>10</Value>
                  </Property>
                </Properties>
              </Field>
              <Field name="filterData" description="filter Data">
                <Fields>
                  <Field name="active" description="active">
                    <Properties>
                      <Property>
                        <Name>Type</Name>
                        <Value>Character</Value>
                      </Property>
                      <Property>
                        <Name>Length</Name>
                        <Value>10</Value>
                      </Property>
                    </Properties>
                  </Field>
                  <Field name="type" description="type">
                    <Properties>
                      <Property>
                        <Name>Type</Name>
                        <Value>Character</Value>
                      </Property>
                      <Property>
                        <Name>Length</Name>
                        <Value>20</Value>
                      </Property>
                    </Properties>
                  </Field>
                  <Field name="dateFormat" description="date Format">
                    <Properties>
                      <Property>
                        <Name>Type</Name>
                        <Value>Character</Value>
                      </Property>
                      <Property>
                        <Name>Length</Name>
                        <Value>50</Value>
                      </Property>
                    </Properties>
                  </Field>
                  <Field name="value" description="value">
                    <Properties>
                      <Property>
                        <Name>Type</Name>
                        <Value>Character</Value>
                      </Property>
                      <Property>
                        <Name>Length</Name>
                        <Value>100</Value>
                      </Property>
                    </Properties>
                  </Field>
                  <Field name="options" description="options" collection="true">
                    <Properties>
                      <Property>
                        <Name>Type</Name>
                        <Value>Character</Value>
                      </Property>
                      <Property>
                        <Name>Length</Name>
                        <Value>100</Value>
                      </Property>
                    </Properties>
                  </Field>
                  <Field name="single" description="single">
                    <Properties>
                      <Property>
                        <Name>Type</Name>
                        <Value>Character</Value>
                      </Property>
                      <Property>
                        <Name>Length</Name>
                        <Value>10</Value>
                      </Property>
                    </Properties>
                  </Field>
                  <Field name="values" description="values" collection="true">
                    <Fields>
                      <Field name="field" description="field">
                        <Properties>
                          <Property>
                            <Name>Type</Name>
                            <Value>Character</Value>
                          </Property>
                          <Property>
                            <Name>Length</Name>
                            <Value>200</Value>
                          </Property>
                        </Properties>
                      </Field>
                      <Field name="value" description="value">
                        <Properties>
                          <Property>
                            <Name>Type</Name>
                            <Value>Character</Value>
                          </Property>
                          <Property>
                            <Name>Length</Name>
                            <Value>200</Value>
                          </Property>
                        </Properties>
                      </Field>
                      <Field name="type" description="type">
                        <Properties>
                          <Property>
                            <Name>Type</Name>
                            <Value>Character</Value>
                          </Property>
                          <Property>
                            <Name>Length</Name>
                            <Value>20</Value>
                          </Property>
                        </Properties>
                      </Field>
                      <Field name="comparison" description="comparison">
                        <Properties>
                          <Property>
                            <Name>Type</Name>
                            <Value>Character</Value>
                          </Property>
                          <Property>
                            <Name>Length</Name>
                            <Value>20</Value>
                          </Property>
                        </Properties>
                      </Field>
                    </Fields>
                  </Field>
                </Fields>
              </Field>
              <Field name="menuDisabled" description="menu Disabled">
                <Properties>
                  <Property>
                    <Name>Type</Name>
                    <Value>Character</Value>
                  </Property>
                  <Property>
                    <Name>Length</Name>
                    <Value>10</Value>
                  </Property>
                </Properties>
              </Field>
            </Fields>
          </Field>
        </Fields>
      </Field>
    </Parameter>
  </Signature>
</CallableObject>