﻿<?xml version="1.0" encoding="utf-8"?>
<CallableObject guid="2881af0e-1bae-4fd1-88f5-a3832e35912f" name="WFDynFormGetForms" description="WFDyn Form Get Forms" namespace="GXflow.Programs">
  <Signature name="par">
    <Parameter name="DFFormGUID">
      <Field>
        <Properties>
          <Property>
            <Name>Type</Name>
            <Value>GUID</Value>
          </Property>
        </Properties>
      </Field>
    </Parameter>
    <Parameter name="DFFormVer">
      <Field>
        <Properties>
          <Property>
            <Name>Type</Name>
            <Value>Numeric</Value>
          </Property>
          <Property>
            <Name>Length</Name>
            <Value>6</Value>
          </Property>
        </Properties>
      </Field>
    </Parameter>
    <Parameter name="ReturnValue" accessor="out">
      <Field name="WFSDTIDynamicFormsProvider" description="WFSDTIDynamic Forms Provider" collection="true">
        <Fields>
          <Field name="DynamicFormHeader" description="Dynamic Form Header">
            <Fields>
              <Field name="GUID" description="GUID">
                <Properties>
                  <Property>
                    <Name>Type</Name>
                    <Value>GUID</Value>
                  </Property>
                  <Property>
                    <Name>Picture</Name>
                    <Value>XXXXXXXX-XXXX-XXXX-XXXX-XXXXXXXXXXXX</Value>
                  </Property>
                </Properties>
              </Field>
              <Field name="Name" description="Name">
                <Properties>
                  <Property>
                    <Name>Type</Name>
                    <Value>Character</Value>
                  </Property>
                  <Property>
                    <Name>Length</Name>
                    <Value>40</Value>
                  </Property>
                </Properties>
              </Field>
              <Field name="Version" description="Version">
                <Properties>
                  <Property>
                    <Name>Type</Name>
                    <Value>Numeric</Value>
                  </Property>
                  <Property>
                    <Name>Length</Name>
                    <Value>6</Value>
                  </Property>
                  <Property>
                    <Name>Picture</Name>
                    <Value>ZZZZZ9</Value>
                  </Property>
                </Properties>
              </Field>
            </Fields>
          </Field>
          <Field name="Elements" description="Elements" collection="true">
            <Fields>
              <Field name="GUID" description="GUID">
                <Properties>
                  <Property>
                    <Name>Type</Name>
                    <Value>GUID</Value>
                  </Property>
                  <Property>
                    <Name>Picture</Name>
                    <Value>XXXXXXXX-XXXX-XXXX-XXXX-XXXXXXXXXXXX</Value>
                  </Property>
                </Properties>
              </Field>
              <Field name="Version" description="Version">
                <Properties>
                  <Property>
                    <Name>Type</Name>
                    <Value>Numeric</Value>
                  </Property>
                  <Property>
                    <Name>Length</Name>
                    <Value>6</Value>
                  </Property>
                  <Property>
                    <Name>Picture</Name>
                    <Value>ZZZZZ9</Value>
                  </Property>
                </Properties>
              </Field>
              <Field name="Name" description="Name">
                <Properties>
                  <Property>
                    <Name>Type</Name>
                    <Value>Character</Value>
                  </Property>
                  <Property>
                    <Name>Length</Name>
                    <Value>40</Value>
                  </Property>
                </Properties>
              </Field>
              <Field name="Type" description="Type">
                <Properties>
                  <Property>
                    <Name>Type</Name>
                    <Value>Character</Value>
                  </Property>
                  <Property>
                    <Name>Length</Name>
                    <Value>20</Value>
                  </Property>
                </Properties>
              </Field>
              <Field name="Length" description="Length">
                <Properties>
                  <Property>
                    <Name>Type</Name>
                    <Value>Numeric</Value>
                  </Property>
                  <Property>
                    <Name>Length</Name>
                    <Value>10</Value>
                  </Property>
                  <Property>
                    <Name>Picture</Name>
                    <Value>ZZZZZZZZZ9</Value>
                  </Property>
                </Properties>
              </Field>
              <Field name="DecimalPlaces" description="Decimal Places">
                <Properties>
                  <Property>
                    <Name>Type</Name>
                    <Value>Numeric</Value>
                  </Property>
                  <Property>
                    <Name>Length</Name>
                    <Value>6</Value>
                  </Property>
                  <Property>
                    <Name>Picture</Name>
                    <Value>ZZZZZ9</Value>
                  </Property>
                </Properties>
              </Field>
            </Fields>
          </Field>
        </Fields>
      </Field>
    </Parameter>
  </Signature>
</CallableObject>