<?xml version="1.0"?>
<Content xmlns:xsi="http://www.w3.org/2001/XMLSchema-instance" xmlns:xsd="http://www.w3.org/2001/XMLSchema">
  <Object id="GXflowEntryPoint">
    <Group>
      <Name>General</Name>
      <Type>Main</Type>
      <Children>
        <Prop>
          <Id>Width</Id>
          <Name>Width</Name>
          <Type>Text</Type>
          <Default>750</Default>
        </Prop>
        <Prop>
          <Id>Height</Id>
          <Name>Height</Name>
          <Type>Text</Type>
          <Default>330</Default>
        </Prop>
		<Prop>
			<Id>EntryPoint</Id>
			<Name>EntryPoint</Name>
			<Type>Combo</Type>
			<Default></Default>
			<Metadata />
			<Values>
				<Value id="Inbox" desc="Inbox" />
				<Value id="Outbox" desc="Outbox" />
				<Value id="MyProcesses" desc="My Processes" />
				<Value id="MyDocuments" desc="My Documents" />				
				<Value id="Processes" desc="Processes" />
				<Value id="Tasks" desc="Tasks" />
				<Value id="BusinessEvents" desc="Business Events" />
				<Value id="ProcessDefinitions" desc="Process Definitions" />
				<Value id="Participants" desc="Participants" />
				<Value id="Events" desc="Events" />
				<Value id="Documents" desc="Documents" />
				<Value id="Users" desc="Users" />				
				<Value id="Roles" desc="Roles" />				
				<Value id="OrganizationalUnitDefinitions" desc="Organizational Unit Definitions" />				
				<Value id="OrganizationalUnits" desc="Organizational Units" />				
				<Value id="History" desc="History" />
				<Value id="ProcessPerformance" desc="Process Performance" />
				<Value id="ProcessAnalysis" desc="Process Analysis" />
				<Value id="TaskPerformance" desc="Task Performance" />
				<Value id="TaskAnalysis" desc="Task Analysis" />
				<Value id="TeamPerformance" desc="Team Performance" />
				<Value id="MyPerformance" desc="My Performance" />				
			</Values>
			<Description>The name of the entry point.</Description>
		</Prop>	
		<Group>
			<Name>Appearance</Name>
			<Children>		
		        <Prop>
					<Id>Border</Id>
					<Name>Border</Name>
					<Type>Combo</Type>
					<Default>0</Default>
					<Values>
						<Value id="1" desc="True" />
						<Value id="0" desc="False" />				  
					</Values>
					<Description>Specifies whether or not to display a border.</Description>
		        </Prop>				
		        <Prop>
		          <Id>Scrolling</Id>
		          <Name>Scrolling</Name>
		          <Type>Combo</Type>				  
		          <Default>auto</Default>
					<Values>
						<Value id="auto" desc="Auto" />
						<Value id="yes" desc="Yes" />				  
						<Value id="no" desc="No" />				  
					</Values>				  
					<Description>Define scroll bars.</Description>
		        </Prop>	
			</Children>
		</Group>		
		<Group>
			<Name>Connection</Name>
			<Children>		
		        <Prop>
		          <Id>User</Id>
		          <Name>User</Name>
		          <Type>Text</Type>
				  <Default></Default>
		          <Description>The id for the user that is attempting to connect to the GXflow Runtime.</Description>
		        </Prop>				
		        <Prop>
		          <Id>Password</Id>
		          <Name>Password</Name>
		          <Type>Text</Type>
				  <Default></Default>
		          <Description>The password for the user that is attempting to connect to the GXflow Runtime.</Description>
		        </Prop>	
			</Children>
		</Group>
		<Group>
			<Name>Parameters</Name>
			<Children>		
		        <Prop>
		          <Id>ProcessInstanceId</Id>
		          <Name>ProcessInstanceId</Name>
		          <Type>Integer</Type>
		          <Default>0</Default>
		        </Prop>	
			</Children>
		</Group>		
      </Children>
    </Group>
  </Object>
</Content>